INSERT INTO `vehicle_management`.`vehicle` (`plate_number`, `cost`, `current_inspect_id`, `health`, `is_removed`, `spec_id`) VALUES ('30A-68676', 46998.21, 'inspect_0', 'Good', b'0', 1);
INSERT INTO `vehicle_management`.`vehicle` (`plate_number`, `cost`, `current_inspect_id`, `health`, `is_removed`, `spec_id`) VALUES ('30A-89664', 26926.78, 'inspect_1', 'Good', b'0', 2);
INSERT INTO `vehicle_management`.`vehicle` (`plate_number`, `cost`, `current_inspect_id`, `health`, `is_removed`, `spec_id`) VALUES ('30A-54373', 35520.57, 'inspect_2', 'Good', b'0', 3);
INSERT INTO `vehicle_management`.`vehicle` (`plate_number`, `cost`, `current_inspect_id`, `health`, `is_removed`, `spec_id`) VALUES ('30A-10515', 22913.56, 'inspect_3', 'Good', b'0', 4);
INSERT INTO `vehicle_management`.`vehicle` (`plate_number`, `cost`, `current_inspect_id`, `health`, `is_removed`, `spec_id`) VALUES ('30A-27911', 47927.34, 'inspect_4', 'Good', b'0', 5);
INSERT INTO `vehicle_management`.`vehicle` (`plate_number`, `cost`, `current_inspect_id`, `health`, `is_removed`, `spec_id`) VALUES ('30A-85618', 47684.61, 'inspect_5', 'Good', b'0', 6);
INSERT INTO `vehicle_management`.`vehicle` (`plate_number`, `cost`, `current_inspect_id`, `health`, `is_removed`, `spec_id`) VALUES ('30A-84207', 36175.38, 'inspect_6', 'Good', b'0', 7);
INSERT INTO `vehicle_management`.`vehicle` (`plate_number`, `cost`, `current_inspect_id`, `health`, `is_removed`, `spec_id`) VALUES ('30A-35068', 21896.56, 'inspect_7', 'Good', b'0', 8);
INSERT INTO `vehicle_management`.`vehicle` (`plate_number`, `cost`, `current_inspect_id`, `health`, `is_removed`, `spec_id`) VALUES ('30A-74013', 15502.82, 'inspect_8', 'Good', b'0', 9);
INSERT INTO `vehicle_management`.`vehicle` (`plate_number`, `cost`, `current_inspect_id`, `health`, `is_removed`, `spec_id`) VALUES ('30A-87372', 27152.11, 'inspect_9', 'Good', b'0', 10);
INSERT INTO `vehicle_management`.`vehicle` (`plate_number`, `cost`, `current_inspect_id`, `health`, `is_removed`, `spec_id`) VALUES ('30A-13605', 47880.14, 'inspect_10', 'Good', b'0', 11);
INSERT INTO `vehicle_management`.`vehicle` (`plate_number`, `cost`, `current_inspect_id`, `health`, `is_removed`, `spec_id`) VALUES ('30A-97905', 26884.46, 'inspect_11', 'Good', b'0', 12);
INSERT INTO `vehicle_management`.`vehicle` (`plate_number`, `cost`, `current_inspect_id`, `health`, `is_removed`, `spec_id`) VALUES ('30A-25896', 13180.26, 'inspect_12', 'Good', b'0', 13);
INSERT INTO `vehicle_management`.`vehicle` (`plate_number`, `cost`, `current_inspect_id`, `health`, `is_removed`, `spec_id`) VALUES ('30A-31312', 11291.34, 'inspect_13', 'Good', b'0', 14);
INSERT INTO `vehicle_management`.`vehicle` (`plate_number`, `cost`, `current_inspect_id`, `health`, `is_removed`, `spec_id`) VALUES ('30A-33114', 39715.78, 'inspect_14', 'Good', b'0', 15);
INSERT INTO `vehicle_management`.`vehicle` (`plate_number`, `cost`, `current_inspect_id`, `health`, `is_removed`, `spec_id`) VALUES ('30A-89161', 37648.67, 'inspect_15', 'Good', b'0', 16);
INSERT INTO `vehicle_management`.`vehicle` (`plate_number`, `cost`, `current_inspect_id`, `health`, `is_removed`, `spec_id`) VALUES ('30A-64239', 48175.69, 'inspect_16', 'Good', b'0', 17);
INSERT INTO `vehicle_management`.`vehicle` (`plate_number`, `cost`, `current_inspect_id`, `health`, `is_removed`, `spec_id`) VALUES ('30A-45200', 13747.38, 'inspect_17', 'Good', b'0', 18);
INSERT INTO `vehicle_management`.`vehicle` (`plate_number`, `cost`, `current_inspect_id`, `health`, `is_removed`, `spec_id`) VALUES ('30A-72056', 48843.10, 'inspect_18', 'Good', b'0', 19);
INSERT INTO `vehicle_management`.`vehicle` (`plate_number`, `cost`, `current_inspect_id`, `health`, `is_removed`, `spec_id`) VALUES ('30A-75042', 16618.83, 'inspect_19', 'Good', b'0', 20);
INSERT INTO `vehicle_management`.`vehicle` (`plate_number`, `cost`, `current_inspect_id`, `health`, `is_removed`, `spec_id`) VALUES ('30A-33938', 37446.71, 'inspect_20', 'Good', b'0', 21);
INSERT INTO `vehicle_management`.`vehicle` (`plate_number`, `cost`, `current_inspect_id`, `health`, `is_removed`, `spec_id`) VALUES ('30A-50272', 17945.57, 'inspect_21', 'Good', b'0', 22);
INSERT INTO `vehicle_management`.`vehicle` (`plate_number`, `cost`, `current_inspect_id`, `health`, `is_removed`, `spec_id`) VALUES ('30A-50686', 36624.16, 'inspect_22', 'Good', b'0', 23);
INSERT INTO `vehicle_management`.`vehicle` (`plate_number`, `cost`, `current_inspect_id`, `health`, `is_removed`, `spec_id`) VALUES ('30A-64886', 42344.68, 'inspect_23', 'Good', b'0', 24);
INSERT INTO `vehicle_management`.`vehicle` (`plate_number`, `cost`, `current_inspect_id`, `health`, `is_removed`, `spec_id`) VALUES ('30A-13146', 20021.36, 'inspect_24', 'Good', b'0', 25);
INSERT INTO `vehicle_management`.`vehicle` (`plate_number`, `cost`, `current_inspect_id`, `health`, `is_removed`, `spec_id`) VALUES ('30A-98086', 19614.49, 'inspect_25', 'Good', b'0', 26);
INSERT INTO `vehicle_management`.`vehicle` (`plate_number`, `cost`, `current_inspect_id`, `health`, `is_removed`, `spec_id`) VALUES ('30A-37312', 41624.93, 'inspect_26', 'Good', b'0', 27);
INSERT INTO `vehicle_management`.`vehicle` (`plate_number`, `cost`, `current_inspect_id`, `health`, `is_removed`, `spec_id`) VALUES ('30A-26150', 44868.02, 'inspect_27', 'Good', b'0', 28);
INSERT INTO `vehicle_management`.`vehicle` (`plate_number`, `cost`, `current_inspect_id`, `health`, `is_removed`, `spec_id`) VALUES ('30A-25811', 11433.62, 'inspect_28', 'Good', b'0', 29);
INSERT INTO `vehicle_management`.`vehicle` (`plate_number`, `cost`, `current_inspect_id`, `health`, `is_removed`, `spec_id`) VALUES ('30A-97449', 42582.84, 'inspect_29', 'Good', b'0', 30);
INSERT INTO `vehicle_management`.`vehicle` (`plate_number`, `cost`, `current_inspect_id`, `health`, `is_removed`, `spec_id`) VALUES ('30A-47741', 38394.02, 'inspect_30', 'Good', b'0', 31);
INSERT INTO `vehicle_management`.`vehicle` (`plate_number`, `cost`, `current_inspect_id`, `health`, `is_removed`, `spec_id`) VALUES ('30A-53781', 34559.24, 'inspect_31', 'Good', b'0', 32);
INSERT INTO `vehicle_management`.`vehicle` (`plate_number`, `cost`, `current_inspect_id`, `health`, `is_removed`, `spec_id`) VALUES ('30A-95356', 29183.22, 'inspect_32', 'Good', b'0', 33);
INSERT INTO `vehicle_management`.`vehicle` (`plate_number`, `cost`, `current_inspect_id`, `health`, `is_removed`, `spec_id`) VALUES ('30A-27284', 26676.53, 'inspect_33', 'Good', b'0', 34);
INSERT INTO `vehicle_management`.`vehicle` (`plate_number`, `cost`, `current_inspect_id`, `health`, `is_removed`, `spec_id`) VALUES ('30A-13393', 11047.33, 'inspect_34', 'Good', b'0', 35);
INSERT INTO `vehicle_management`.`vehicle` (`plate_number`, `cost`, `current_inspect_id`, `health`, `is_removed`, `spec_id`) VALUES ('30A-92748', 20691.65, 'inspect_35', 'Good', b'0', 36);
INSERT INTO `vehicle_management`.`vehicle` (`plate_number`, `cost`, `current_inspect_id`, `health`, `is_removed`, `spec_id`) VALUES ('30A-56058', 19934.31, 'inspect_36', 'Good', b'0', 37);
INSERT INTO `vehicle_management`.`vehicle` (`plate_number`, `cost`, `current_inspect_id`, `health`, `is_removed`, `spec_id`) VALUES ('30A-53723', 15545.06, 'inspect_37', 'Good', b'0', 38);
INSERT INTO `vehicle_management`.`vehicle` (`plate_number`, `cost`, `current_inspect_id`, `health`, `is_removed`, `spec_id`) VALUES ('30A-78441', 24530.43, 'inspect_38', 'Good', b'0', 39);
INSERT INTO `vehicle_management`.`vehicle` (`plate_number`, `cost`, `current_inspect_id`, `health`, `is_removed`, `spec_id`) VALUES ('30A-33034', 27743.91, 'inspect_39', 'Good', b'0', 40);
INSERT INTO `vehicle_management`.`vehicle` (`plate_number`, `cost`, `current_inspect_id`, `health`, `is_removed`, `spec_id`) VALUES ('30A-11769', 35272.52, 'inspect_40', 'Good', b'0', 41);
INSERT INTO `vehicle_management`.`vehicle` (`plate_number`, `cost`, `current_inspect_id`, `health`, `is_removed`, `spec_id`) VALUES ('30A-83962', 44736.17, 'inspect_41', 'Good', b'0', 42);
INSERT INTO `vehicle_management`.`vehicle` (`plate_number`, `cost`, `current_inspect_id`, `health`, `is_removed`, `spec_id`) VALUES ('30A-31257', 39322.99, 'inspect_42', 'Good', b'0', 43);
INSERT INTO `vehicle_management`.`vehicle` (`plate_number`, `cost`, `current_inspect_id`, `health`, `is_removed`, `spec_id`) VALUES ('30A-26870', 14159.52, 'inspect_43', 'Good', b'0', 44);
INSERT INTO `vehicle_management`.`vehicle` (`plate_number`, `cost`, `current_inspect_id`, `health`, `is_removed`, `spec_id`) VALUES ('30A-45269', 19737.98, 'inspect_44', 'Good', b'0', 45);
INSERT INTO `vehicle_management`.`vehicle` (`plate_number`, `cost`, `current_inspect_id`, `health`, `is_removed`, `spec_id`) VALUES ('30A-14513', 37269.94, 'inspect_45', 'Good', b'0', 46);
INSERT INTO `vehicle_management`.`vehicle` (`plate_number`, `cost`, `current_inspect_id`, `health`, `is_removed`, `spec_id`) VALUES ('30A-88364', 25047.47, 'inspect_46', 'Good', b'0', 47);
INSERT INTO `vehicle_management`.`vehicle` (`plate_number`, `cost`, `current_inspect_id`, `health`, `is_removed`, `spec_id`) VALUES ('30A-46589', 24319.48, 'inspect_47', 'Good', b'0', 48);
INSERT INTO `vehicle_management`.`vehicle` (`plate_number`, `cost`, `current_inspect_id`, `health`, `is_removed`, `spec_id`) VALUES ('30A-86160', 37693.06, 'inspect_48', 'Good', b'0', 49);
INSERT INTO `vehicle_management`.`vehicle` (`plate_number`, `cost`, `current_inspect_id`, `health`, `is_removed`, `spec_id`) VALUES ('30A-50075', 27661.62, 'inspect_49', 'Good', b'0', 50);
INSERT INTO `vehicle_management`.`vehicle` (`plate_number`, `cost`, `current_inspect_id`, `health`, `is_removed`, `spec_id`) VALUES ('30A-46491', 38338.21, 'inspect_50', 'Good', b'0', 51);
INSERT INTO `vehicle_management`.`vehicle` (`plate_number`, `cost`, `current_inspect_id`, `health`, `is_removed`, `spec_id`) VALUES ('30A-89583', 31028.73, 'inspect_51', 'Good', b'0', 52);
INSERT INTO `vehicle_management`.`vehicle` (`plate_number`, `cost`, `current_inspect_id`, `health`, `is_removed`, `spec_id`) VALUES ('30A-96001', 46804.54, 'inspect_52', 'Good', b'0', 53);
INSERT INTO `vehicle_management`.`vehicle` (`plate_number`, `cost`, `current_inspect_id`, `health`, `is_removed`, `spec_id`) VALUES ('30A-45722', 35454.24, 'inspect_53', 'Good', b'0', 54);
INSERT INTO `vehicle_management`.`vehicle` (`plate_number`, `cost`, `current_inspect_id`, `health`, `is_removed`, `spec_id`) VALUES ('30A-86290', 17928.22, 'inspect_54', 'Good', b'0', 55);
INSERT INTO `vehicle_management`.`vehicle` (`plate_number`, `cost`, `current_inspect_id`, `health`, `is_removed`, `spec_id`) VALUES ('30A-77778', 20605.33, 'inspect_55', 'Good', b'0', 56);
INSERT INTO `vehicle_management`.`vehicle` (`plate_number`, `cost`, `current_inspect_id`, `health`, `is_removed`, `spec_id`) VALUES ('30A-35128', 19840.38, 'inspect_56', 'Good', b'0', 57);
INSERT INTO `vehicle_management`.`vehicle` (`plate_number`, `cost`, `current_inspect_id`, `health`, `is_removed`, `spec_id`) VALUES ('30A-82092', 36397.37, 'inspect_57', 'Good', b'0', 58);
INSERT INTO `vehicle_management`.`vehicle` (`plate_number`, `cost`, `current_inspect_id`, `health`, `is_removed`, `spec_id`) VALUES ('30A-94116', 32689.42, 'inspect_58', 'Good', b'0', 59);
INSERT INTO `vehicle_management`.`vehicle` (`plate_number`, `cost`, `current_inspect_id`, `health`, `is_removed`, `spec_id`) VALUES ('30A-70002', 29806.23, 'inspect_59', 'Good', b'0', 60);
INSERT INTO `vehicle_management`.`vehicle` (`plate_number`, `cost`, `current_inspect_id`, `health`, `is_removed`, `spec_id`) VALUES ('30A-82649', 40890.11, 'inspect_60', 'Good', b'0', 61);
INSERT INTO `vehicle_management`.`vehicle` (`plate_number`, `cost`, `current_inspect_id`, `health`, `is_removed`, `spec_id`) VALUES ('30A-93716', 43237.54, 'inspect_61', 'Good', b'0', 62);
INSERT INTO `vehicle_management`.`vehicle` (`plate_number`, `cost`, `current_inspect_id`, `health`, `is_removed`, `spec_id`) VALUES ('30A-47422', 19029.71, 'inspect_62', 'Good', b'0', 63);
INSERT INTO `vehicle_management`.`vehicle` (`plate_number`, `cost`, `current_inspect_id`, `health`, `is_removed`, `spec_id`) VALUES ('30A-63639', 35158.12, 'inspect_63', 'Good', b'0', 64);
INSERT INTO `vehicle_management`.`vehicle` (`plate_number`, `cost`, `current_inspect_id`, `health`, `is_removed`, `spec_id`) VALUES ('30A-19538', 18508.01, 'inspect_64', 'Good', b'0', 65);
INSERT INTO `vehicle_management`.`vehicle` (`plate_number`, `cost`, `current_inspect_id`, `health`, `is_removed`, `spec_id`) VALUES ('30A-34929', 32094.60, 'inspect_65', 'Good', b'0', 66);
INSERT INTO `vehicle_management`.`vehicle` (`plate_number`, `cost`, `current_inspect_id`, `health`, `is_removed`, `spec_id`) VALUES ('30A-90489', 14546.93, 'inspect_66', 'Good', b'0', 67);
INSERT INTO `vehicle_management`.`vehicle` (`plate_number`, `cost`, `current_inspect_id`, `health`, `is_removed`, `spec_id`) VALUES ('30A-84296', 29506.53, 'inspect_67', 'Good', b'0', 68);
INSERT INTO `vehicle_management`.`vehicle` (`plate_number`, `cost`, `current_inspect_id`, `health`, `is_removed`, `spec_id`) VALUES ('30A-29215', 47563.11, 'inspect_68', 'Good', b'0', 69);
INSERT INTO `vehicle_management`.`vehicle` (`plate_number`, `cost`, `current_inspect_id`, `health`, `is_removed`, `spec_id`) VALUES ('30A-74071', 22756.51, 'inspect_69', 'Good', b'0', 70);
INSERT INTO `vehicle_management`.`vehicle` (`plate_number`, `cost`, `current_inspect_id`, `health`, `is_removed`, `spec_id`) VALUES ('30A-39783', 45156.15, 'inspect_70', 'Good', b'0', 71);
INSERT INTO `vehicle_management`.`vehicle` (`plate_number`, `cost`, `current_inspect_id`, `health`, `is_removed`, `spec_id`) VALUES ('30A-57702', 25724.21, 'inspect_71', 'Good', b'0', 72);
INSERT INTO `vehicle_management`.`vehicle` (`plate_number`, `cost`, `current_inspect_id`, `health`, `is_removed`, `spec_id`) VALUES ('30A-54845', 44515.39, 'inspect_72', 'Good', b'0', 73);
INSERT INTO `vehicle_management`.`vehicle` (`plate_number`, `cost`, `current_inspect_id`, `health`, `is_removed`, `spec_id`) VALUES ('30A-83917', 28590.20, 'inspect_73', 'Good', b'0', 74);
INSERT INTO `vehicle_management`.`vehicle` (`plate_number`, `cost`, `current_inspect_id`, `health`, `is_removed`, `spec_id`) VALUES ('30A-58902', 10040.72, 'inspect_74', 'Good', b'0', 75);
INSERT INTO `vehicle_management`.`vehicle` (`plate_number`, `cost`, `current_inspect_id`, `health`, `is_removed`, `spec_id`) VALUES ('30A-76943', 46448.40, 'inspect_75', 'Good', b'0', 76);
INSERT INTO `vehicle_management`.`vehicle` (`plate_number`, `cost`, `current_inspect_id`, `health`, `is_removed`, `spec_id`) VALUES ('30A-50880', 18913.93, 'inspect_76', 'Good', b'0', 77);
INSERT INTO `vehicle_management`.`vehicle` (`plate_number`, `cost`, `current_inspect_id`, `health`, `is_removed`, `spec_id`) VALUES ('30A-67519', 15821.79, 'inspect_77', 'Good', b'0', 78);
INSERT INTO `vehicle_management`.`vehicle` (`plate_number`, `cost`, `current_inspect_id`, `health`, `is_removed`, `spec_id`) VALUES ('30A-50817', 21953.63, 'inspect_78', 'Good', b'0', 79);
INSERT INTO `vehicle_management`.`vehicle` (`plate_number`, `cost`, `current_inspect_id`, `health`, `is_removed`, `spec_id`) VALUES ('30A-57353', 23163.21, 'inspect_79', 'Good', b'0', 80);
INSERT INTO `vehicle_management`.`vehicle` (`plate_number`, `cost`, `current_inspect_id`, `health`, `is_removed`, `spec_id`) VALUES ('30A-14809', 19356.70, 'inspect_80', 'Good', b'0', 81);
INSERT INTO `vehicle_management`.`vehicle` (`plate_number`, `cost`, `current_inspect_id`, `health`, `is_removed`, `spec_id`) VALUES ('30A-58397', 44107.85, 'inspect_81', 'Good', b'0', 82);
INSERT INTO `vehicle_management`.`vehicle` (`plate_number`, `cost`, `current_inspect_id`, `health`, `is_removed`, `spec_id`) VALUES ('30A-28087', 16090.21, 'inspect_82', 'Good', b'0', 83);
INSERT INTO `vehicle_management`.`vehicle` (`plate_number`, `cost`, `current_inspect_id`, `health`, `is_removed`, `spec_id`) VALUES ('30A-87603', 40870.31, 'inspect_83', 'Good', b'0', 84);
INSERT INTO `vehicle_management`.`vehicle` (`plate_number`, `cost`, `current_inspect_id`, `health`, `is_removed`, `spec_id`) VALUES ('30A-16779', 16122.83, 'inspect_84', 'Good', b'0', 85);
INSERT INTO `vehicle_management`.`vehicle` (`plate_number`, `cost`, `current_inspect_id`, `health`, `is_removed`, `spec_id`) VALUES ('30A-78747', 28074.32, 'inspect_85', 'Good', b'0', 86);
INSERT INTO `vehicle_management`.`vehicle` (`plate_number`, `cost`, `current_inspect_id`, `health`, `is_removed`, `spec_id`) VALUES ('30A-14537', 31696.36, 'inspect_86', 'Good', b'0', 87);
INSERT INTO `vehicle_management`.`vehicle` (`plate_number`, `cost`, `current_inspect_id`, `health`, `is_removed`, `spec_id`) VALUES ('30A-31958', 46726.44, 'inspect_87', 'Good', b'0', 88);
INSERT INTO `vehicle_management`.`vehicle` (`plate_number`, `cost`, `current_inspect_id`, `health`, `is_removed`, `spec_id`) VALUES ('30A-64849', 14121.30, 'inspect_88', 'Good', b'0', 89);
INSERT INTO `vehicle_management`.`vehicle` (`plate_number`, `cost`, `current_inspect_id`, `health`, `is_removed`, `spec_id`) VALUES ('30A-21128', 15748.40, 'inspect_89', 'Good', b'0', 90);
INSERT INTO `vehicle_management`.`vehicle` (`plate_number`, `cost`, `current_inspect_id`, `health`, `is_removed`, `spec_id`) VALUES ('30A-20722', 40246.56, 'inspect_90', 'Good', b'0', 91);
INSERT INTO `vehicle_management`.`vehicle` (`plate_number`, `cost`, `current_inspect_id`, `health`, `is_removed`, `spec_id`) VALUES ('30A-43854', 27910.77, 'inspect_91', 'Good', b'0', 92);
INSERT INTO `vehicle_management`.`vehicle` (`plate_number`, `cost`, `current_inspect_id`, `health`, `is_removed`, `spec_id`) VALUES ('30A-46727', 31335.10, 'inspect_92', 'Good', b'0', 93);
INSERT INTO `vehicle_management`.`vehicle` (`plate_number`, `cost`, `current_inspect_id`, `health`, `is_removed`, `spec_id`) VALUES ('30A-49598', 37435.64, 'inspect_93', 'Good', b'0', 94);
INSERT INTO `vehicle_management`.`vehicle` (`plate_number`, `cost`, `current_inspect_id`, `health`, `is_removed`, `spec_id`) VALUES ('30A-20452', 20238.83, 'inspect_94', 'Good', b'0', 95);
INSERT INTO `vehicle_management`.`vehicle` (`plate_number`, `cost`, `current_inspect_id`, `health`, `is_removed`, `spec_id`) VALUES ('30A-81853', 33342.37, 'inspect_95', 'Good', b'0', 96);
INSERT INTO `vehicle_management`.`vehicle` (`plate_number`, `cost`, `current_inspect_id`, `health`, `is_removed`, `spec_id`) VALUES ('30A-92196', 22855.05, 'inspect_96', 'Good', b'0', 97);
INSERT INTO `vehicle_management`.`vehicle` (`plate_number`, `cost`, `current_inspect_id`, `health`, `is_removed`, `spec_id`) VALUES ('30A-78297', 35460.28, 'inspect_97', 'Good', b'0', 98);
INSERT INTO `vehicle_management`.`vehicle` (`plate_number`, `cost`, `current_inspect_id`, `health`, `is_removed`, `spec_id`) VALUES ('30A-48606', 42903.56, 'inspect_98', 'Good', b'0', 99);
INSERT INTO `vehicle_management`.`vehicle` (`plate_number`, `cost`, `current_inspect_id`, `health`, `is_removed`, `spec_id`) VALUES ('30A-16766', 35670.40, 'inspect_99', 'Good', b'0', 100);
INSERT INTO `vehicle_management`.`vehicle_inspection_info` (`inspection_no`, `cost`, `plate_number`, `registration_date`, `valid_until`) VALUES ('inspect_0', 146.02, '30A-68676', '2025-09-01 00:00:00', '2026-09-01 00:00:00');
INSERT INTO `vehicle_management`.`vehicle_inspection_info` (`inspection_no`, `cost`, `plate_number`, `registration_date`, `valid_until`) VALUES ('inspect_1', 483.02, '30A-89664', '2023-11-14 00:00:00', '2024-11-13 00:00:00');
INSERT INTO `vehicle_management`.`vehicle_inspection_info` (`inspection_no`, `cost`, `plate_number`, `registration_date`, `valid_until`) VALUES ('inspect_2', 352.76, '30A-54373', '2025-01-26 00:00:00', '2026-01-26 00:00:00');
INSERT INTO `vehicle_management`.`vehicle_inspection_info` (`inspection_no`, `cost`, `plate_number`, `registration_date`, `valid_until`) VALUES ('inspect_3', 274.39, '30A-10515', '2025-04-05 00:00:00', '2026-04-05 00:00:00');
INSERT INTO `vehicle_management`.`vehicle_inspection_info` (`inspection_no`, `cost`, `plate_number`, `registration_date`, `valid_until`) VALUES ('inspect_4', 405.59, '30A-27911', '2025-01-08 00:00:00', '2026-01-08 00:00:00');
INSERT INTO `vehicle_management`.`vehicle_inspection_info` (`inspection_no`, `cost`, `plate_number`, `registration_date`, `valid_until`) VALUES ('inspect_5', 467.49, '30A-85618', '2024-04-25 00:00:00', '2025-04-25 00:00:00');
INSERT INTO `vehicle_management`.`vehicle_inspection_info` (`inspection_no`, `cost`, `plate_number`, `registration_date`, `valid_until`) VALUES ('inspect_6', 379.57, '30A-84207', '2024-04-27 00:00:00', '2025-04-27 00:00:00');
INSERT INTO `vehicle_management`.`vehicle_inspection_info` (`inspection_no`, `cost`, `plate_number`, `registration_date`, `valid_until`) VALUES ('inspect_7', 196.72, '30A-35068', '2024-06-23 00:00:00', '2025-06-23 00:00:00');
INSERT INTO `vehicle_management`.`vehicle_inspection_info` (`inspection_no`, `cost`, `plate_number`, `registration_date`, `valid_until`) VALUES ('inspect_8', 384.64, '30A-74013', '2025-10-26 00:00:00', '2026-10-26 00:00:00');
INSERT INTO `vehicle_management`.`vehicle_inspection_info` (`inspection_no`, `cost`, `plate_number`, `registration_date`, `valid_until`) VALUES ('inspect_9', 313.36, '30A-87372', '2023-10-03 00:00:00', '2024-10-02 00:00:00');
INSERT INTO `vehicle_management`.`vehicle_inspection_info` (`inspection_no`, `cost`, `plate_number`, `registration_date`, `valid_until`) VALUES ('inspect_10', 218.86, '30A-13605', '2023-08-20 00:00:00', '2024-08-19 00:00:00');
INSERT INTO `vehicle_management`.`vehicle_inspection_info` (`inspection_no`, `cost`, `plate_number`, `registration_date`, `valid_until`) VALUES ('inspect_11', 483.58, '30A-97905', '2025-02-14 00:00:00', '2026-02-14 00:00:00');
INSERT INTO `vehicle_management`.`vehicle_inspection_info` (`inspection_no`, `cost`, `plate_number`, `registration_date`, `valid_until`) VALUES ('inspect_12', 224.24, '30A-25896', '2024-04-06 00:00:00', '2025-04-06 00:00:00');
INSERT INTO `vehicle_management`.`vehicle_inspection_info` (`inspection_no`, `cost`, `plate_number`, `registration_date`, `valid_until`) VALUES ('inspect_13', 457.95, '30A-31312', '2024-09-28 00:00:00', '2025-09-28 00:00:00');
INSERT INTO `vehicle_management`.`vehicle_inspection_info` (`inspection_no`, `cost`, `plate_number`, `registration_date`, `valid_until`) VALUES ('inspect_14', 390.49, '30A-33114', '2024-05-24 00:00:00', '2025-05-24 00:00:00');
INSERT INTO `vehicle_management`.`vehicle_inspection_info` (`inspection_no`, `cost`, `plate_number`, `registration_date`, `valid_until`) VALUES ('inspect_15', 419.06, '30A-89161', '2025-04-21 00:00:00', '2026-04-21 00:00:00');
INSERT INTO `vehicle_management`.`vehicle_inspection_info` (`inspection_no`, `cost`, `plate_number`, `registration_date`, `valid_until`) VALUES ('inspect_16', 229.45, '30A-64239', '2023-03-29 00:00:00', '2024-03-28 00:00:00');
INSERT INTO `vehicle_management`.`vehicle_inspection_info` (`inspection_no`, `cost`, `plate_number`, `registration_date`, `valid_until`) VALUES ('inspect_17', 402.63, '30A-45200', '2024-08-27 00:00:00', '2025-08-27 00:00:00');
INSERT INTO `vehicle_management`.`vehicle_inspection_info` (`inspection_no`, `cost`, `plate_number`, `registration_date`, `valid_until`) VALUES ('inspect_18', 379.86, '30A-72056', '2025-12-20 00:00:00', '2026-12-20 00:00:00');
INSERT INTO `vehicle_management`.`vehicle_inspection_info` (`inspection_no`, `cost`, `plate_number`, `registration_date`, `valid_until`) VALUES ('inspect_19', 180.38, '30A-75042', '2024-06-22 00:00:00', '2025-06-22 00:00:00');
INSERT INTO `vehicle_management`.`vehicle_inspection_info` (`inspection_no`, `cost`, `plate_number`, `registration_date`, `valid_until`) VALUES ('inspect_20', 411.65, '30A-33938', '2023-04-19 00:00:00', '2024-04-18 00:00:00');
INSERT INTO `vehicle_management`.`vehicle_inspection_info` (`inspection_no`, `cost`, `plate_number`, `registration_date`, `valid_until`) VALUES ('inspect_21', 172.51, '30A-50272', '2023-02-28 00:00:00', '2024-02-28 00:00:00');
INSERT INTO `vehicle_management`.`vehicle_inspection_info` (`inspection_no`, `cost`, `plate_number`, `registration_date`, `valid_until`) VALUES ('inspect_22', 362.87, '30A-50686', '2025-04-30 00:00:00', '2026-04-30 00:00:00');
INSERT INTO `vehicle_management`.`vehicle_inspection_info` (`inspection_no`, `cost`, `plate_number`, `registration_date`, `valid_until`) VALUES ('inspect_23', 239.31, '30A-64886', '2023-08-30 00:00:00', '2024-08-29 00:00:00');
INSERT INTO `vehicle_management`.`vehicle_inspection_info` (`inspection_no`, `cost`, `plate_number`, `registration_date`, `valid_until`) VALUES ('inspect_24', 493.09, '30A-13146', '2024-05-08 00:00:00', '2025-05-08 00:00:00');
INSERT INTO `vehicle_management`.`vehicle_inspection_info` (`inspection_no`, `cost`, `plate_number`, `registration_date`, `valid_until`) VALUES ('inspect_25', 241.50, '30A-98086', '2024-02-17 00:00:00', '2025-02-16 00:00:00');
INSERT INTO `vehicle_management`.`vehicle_inspection_info` (`inspection_no`, `cost`, `plate_number`, `registration_date`, `valid_until`) VALUES ('inspect_26', 325.82, '30A-37312', '2025-09-02 00:00:00', '2026-09-02 00:00:00');
INSERT INTO `vehicle_management`.`vehicle_inspection_info` (`inspection_no`, `cost`, `plate_number`, `registration_date`, `valid_until`) VALUES ('inspect_27', 330.48, '30A-26150', '2023-05-03 00:00:00', '2024-05-02 00:00:00');
INSERT INTO `vehicle_management`.`vehicle_inspection_info` (`inspection_no`, `cost`, `plate_number`, `registration_date`, `valid_until`) VALUES ('inspect_28', 330.94, '30A-25811', '2024-06-16 00:00:00', '2025-06-16 00:00:00');
INSERT INTO `vehicle_management`.`vehicle_inspection_info` (`inspection_no`, `cost`, `plate_number`, `registration_date`, `valid_until`) VALUES ('inspect_29', 343.08, '30A-97449', '2023-04-30 00:00:00', '2024-04-29 00:00:00');
INSERT INTO `vehicle_management`.`vehicle_inspection_info` (`inspection_no`, `cost`, `plate_number`, `registration_date`, `valid_until`) VALUES ('inspect_30', 482.22, '30A-47741', '2024-10-07 00:00:00', '2025-10-07 00:00:00');
INSERT INTO `vehicle_management`.`vehicle_inspection_info` (`inspection_no`, `cost`, `plate_number`, `registration_date`, `valid_until`) VALUES ('inspect_31', 209.77, '30A-53781', '2025-10-27 00:00:00', '2026-10-27 00:00:00');
INSERT INTO `vehicle_management`.`vehicle_inspection_info` (`inspection_no`, `cost`, `plate_number`, `registration_date`, `valid_until`) VALUES ('inspect_32', 267.14, '30A-95356', '2023-06-28 00:00:00', '2024-06-27 00:00:00');
INSERT INTO `vehicle_management`.`vehicle_inspection_info` (`inspection_no`, `cost`, `plate_number`, `registration_date`, `valid_until`) VALUES ('inspect_33', 493.61, '30A-27284', '2023-12-15 00:00:00', '2024-12-14 00:00:00');
INSERT INTO `vehicle_management`.`vehicle_inspection_info` (`inspection_no`, `cost`, `plate_number`, `registration_date`, `valid_until`) VALUES ('inspect_34', 329.04, '30A-13393', '2025-09-03 00:00:00', '2026-09-03 00:00:00');
INSERT INTO `vehicle_management`.`vehicle_inspection_info` (`inspection_no`, `cost`, `plate_number`, `registration_date`, `valid_until`) VALUES ('inspect_35', 443.27, '30A-92748', '2025-08-04 00:00:00', '2026-08-04 00:00:00');
INSERT INTO `vehicle_management`.`vehicle_inspection_info` (`inspection_no`, `cost`, `plate_number`, `registration_date`, `valid_until`) VALUES ('inspect_36', 162.10, '30A-56058', '2023-06-11 00:00:00', '2024-06-10 00:00:00');
INSERT INTO `vehicle_management`.`vehicle_inspection_info` (`inspection_no`, `cost`, `plate_number`, `registration_date`, `valid_until`) VALUES ('inspect_37', 192.84, '30A-53723', '2024-01-09 00:00:00', '2025-01-08 00:00:00');
INSERT INTO `vehicle_management`.`vehicle_inspection_info` (`inspection_no`, `cost`, `plate_number`, `registration_date`, `valid_until`) VALUES ('inspect_38', 476.81, '30A-78441', '2023-08-15 00:00:00', '2024-08-14 00:00:00');
INSERT INTO `vehicle_management`.`vehicle_inspection_info` (`inspection_no`, `cost`, `plate_number`, `registration_date`, `valid_until`) VALUES ('inspect_39', 139.69, '30A-33034', '2025-01-21 00:00:00', '2026-01-21 00:00:00');
INSERT INTO `vehicle_management`.`vehicle_inspection_info` (`inspection_no`, `cost`, `plate_number`, `registration_date`, `valid_until`) VALUES ('inspect_40', 362.88, '30A-11769', '2024-07-02 00:00:00', '2025-07-02 00:00:00');
INSERT INTO `vehicle_management`.`vehicle_inspection_info` (`inspection_no`, `cost`, `plate_number`, `registration_date`, `valid_until`) VALUES ('inspect_41', 443.63, '30A-83962', '2023-08-07 00:00:00', '2024-08-06 00:00:00');
INSERT INTO `vehicle_management`.`vehicle_inspection_info` (`inspection_no`, `cost`, `plate_number`, `registration_date`, `valid_until`) VALUES ('inspect_42', 483.41, '30A-31257', '2023-11-13 00:00:00', '2024-11-12 00:00:00');
INSERT INTO `vehicle_management`.`vehicle_inspection_info` (`inspection_no`, `cost`, `plate_number`, `registration_date`, `valid_until`) VALUES ('inspect_43', 301.70, '30A-26870', '2025-09-20 00:00:00', '2026-09-20 00:00:00');
INSERT INTO `vehicle_management`.`vehicle_inspection_info` (`inspection_no`, `cost`, `plate_number`, `registration_date`, `valid_until`) VALUES ('inspect_44', 312.23, '30A-45269', '2023-08-24 00:00:00', '2024-08-23 00:00:00');
INSERT INTO `vehicle_management`.`vehicle_inspection_info` (`inspection_no`, `cost`, `plate_number`, `registration_date`, `valid_until`) VALUES ('inspect_45', 339.56, '30A-14513', '2025-08-20 00:00:00', '2026-08-20 00:00:00');
INSERT INTO `vehicle_management`.`vehicle_inspection_info` (`inspection_no`, `cost`, `plate_number`, `registration_date`, `valid_until`) VALUES ('inspect_46', 324.66, '30A-88364', '2023-03-10 00:00:00', '2024-03-09 00:00:00');
INSERT INTO `vehicle_management`.`vehicle_inspection_info` (`inspection_no`, `cost`, `plate_number`, `registration_date`, `valid_until`) VALUES ('inspect_47', 123.90, '30A-46589', '2024-12-31 00:00:00', '2025-12-31 00:00:00');
INSERT INTO `vehicle_management`.`vehicle_inspection_info` (`inspection_no`, `cost`, `plate_number`, `registration_date`, `valid_until`) VALUES ('inspect_48', 182.27, '30A-86160', '2025-07-19 00:00:00', '2026-07-19 00:00:00');
INSERT INTO `vehicle_management`.`vehicle_inspection_info` (`inspection_no`, `cost`, `plate_number`, `registration_date`, `valid_until`) VALUES ('inspect_49', 382.78, '30A-50075', '2023-02-21 00:00:00', '2024-02-21 00:00:00');
INSERT INTO `vehicle_management`.`vehicle_inspection_info` (`inspection_no`, `cost`, `plate_number`, `registration_date`, `valid_until`) VALUES ('inspect_50', 210.67, '30A-46491', '2025-08-16 00:00:00', '2026-08-16 00:00:00');
INSERT INTO `vehicle_management`.`vehicle_inspection_info` (`inspection_no`, `cost`, `plate_number`, `registration_date`, `valid_until`) VALUES ('inspect_51', 216.54, '30A-89583', '2024-12-31 00:00:00', '2025-12-31 00:00:00');
INSERT INTO `vehicle_management`.`vehicle_inspection_info` (`inspection_no`, `cost`, `plate_number`, `registration_date`, `valid_until`) VALUES ('inspect_52', 319.36, '30A-96001', '2024-06-29 00:00:00', '2025-06-29 00:00:00');
INSERT INTO `vehicle_management`.`vehicle_inspection_info` (`inspection_no`, `cost`, `plate_number`, `registration_date`, `valid_until`) VALUES ('inspect_53', 147.31, '30A-45722', '2024-10-19 00:00:00', '2025-10-19 00:00:00');
INSERT INTO `vehicle_management`.`vehicle_inspection_info` (`inspection_no`, `cost`, `plate_number`, `registration_date`, `valid_until`) VALUES ('inspect_54', 470.74, '30A-86290', '2023-02-05 00:00:00', '2024-02-05 00:00:00');
INSERT INTO `vehicle_management`.`vehicle_inspection_info` (`inspection_no`, `cost`, `plate_number`, `registration_date`, `valid_until`) VALUES ('inspect_55', 327.26, '30A-77778', '2025-01-24 00:00:00', '2026-01-24 00:00:00');
INSERT INTO `vehicle_management`.`vehicle_inspection_info` (`inspection_no`, `cost`, `plate_number`, `registration_date`, `valid_until`) VALUES ('inspect_56', 474.40, '30A-35128', '2025-05-04 00:00:00', '2026-05-04 00:00:00');
INSERT INTO `vehicle_management`.`vehicle_inspection_info` (`inspection_no`, `cost`, `plate_number`, `registration_date`, `valid_until`) VALUES ('inspect_57', 432.82, '30A-82092', '2025-05-29 00:00:00', '2026-05-29 00:00:00');
INSERT INTO `vehicle_management`.`vehicle_inspection_info` (`inspection_no`, `cost`, `plate_number`, `registration_date`, `valid_until`) VALUES ('inspect_58', 380.29, '30A-94116', '2025-06-14 00:00:00', '2026-06-14 00:00:00');
INSERT INTO `vehicle_management`.`vehicle_inspection_info` (`inspection_no`, `cost`, `plate_number`, `registration_date`, `valid_until`) VALUES ('inspect_59', 112.01, '30A-70002', '2023-08-02 00:00:00', '2024-08-01 00:00:00');
INSERT INTO `vehicle_management`.`vehicle_inspection_info` (`inspection_no`, `cost`, `plate_number`, `registration_date`, `valid_until`) VALUES ('inspect_60', 353.51, '30A-82649', '2025-09-27 00:00:00', '2026-09-27 00:00:00');
INSERT INTO `vehicle_management`.`vehicle_inspection_info` (`inspection_no`, `cost`, `plate_number`, `registration_date`, `valid_until`) VALUES ('inspect_61', 478.29, '30A-93716', '2025-06-24 00:00:00', '2026-06-24 00:00:00');
INSERT INTO `vehicle_management`.`vehicle_inspection_info` (`inspection_no`, `cost`, `plate_number`, `registration_date`, `valid_until`) VALUES ('inspect_62', 486.16, '30A-47422', '2024-01-04 00:00:00', '2025-01-03 00:00:00');
INSERT INTO `vehicle_management`.`vehicle_inspection_info` (`inspection_no`, `cost`, `plate_number`, `registration_date`, `valid_until`) VALUES ('inspect_63', 457.83, '30A-63639', '2024-12-27 00:00:00', '2025-12-27 00:00:00');
INSERT INTO `vehicle_management`.`vehicle_inspection_info` (`inspection_no`, `cost`, `plate_number`, `registration_date`, `valid_until`) VALUES ('inspect_64', 293.51, '30A-19538', '2024-10-08 00:00:00', '2025-10-08 00:00:00');
INSERT INTO `vehicle_management`.`vehicle_inspection_info` (`inspection_no`, `cost`, `plate_number`, `registration_date`, `valid_until`) VALUES ('inspect_65', 326.72, '30A-34929', '2025-03-06 00:00:00', '2026-03-06 00:00:00');
INSERT INTO `vehicle_management`.`vehicle_inspection_info` (`inspection_no`, `cost`, `plate_number`, `registration_date`, `valid_until`) VALUES ('inspect_66', 404.54, '30A-90489', '2023-01-26 00:00:00', '2024-01-26 00:00:00');
INSERT INTO `vehicle_management`.`vehicle_inspection_info` (`inspection_no`, `cost`, `plate_number`, `registration_date`, `valid_until`) VALUES ('inspect_67', 146.43, '30A-84296', '2025-01-28 00:00:00', '2026-01-28 00:00:00');
INSERT INTO `vehicle_management`.`vehicle_inspection_info` (`inspection_no`, `cost`, `plate_number`, `registration_date`, `valid_until`) VALUES ('inspect_68', 397.84, '30A-29215', '2024-11-11 00:00:00', '2025-11-11 00:00:00');
INSERT INTO `vehicle_management`.`vehicle_inspection_info` (`inspection_no`, `cost`, `plate_number`, `registration_date`, `valid_until`) VALUES ('inspect_69', 182.40, '30A-74071', '2025-03-08 00:00:00', '2026-03-08 00:00:00');
INSERT INTO `vehicle_management`.`vehicle_inspection_info` (`inspection_no`, `cost`, `plate_number`, `registration_date`, `valid_until`) VALUES ('inspect_70', 375.34, '30A-39783', '2024-07-05 00:00:00', '2025-07-05 00:00:00');
INSERT INTO `vehicle_management`.`vehicle_inspection_info` (`inspection_no`, `cost`, `plate_number`, `registration_date`, `valid_until`) VALUES ('inspect_71', 458.61, '30A-57702', '2023-12-12 00:00:00', '2024-12-11 00:00:00');
INSERT INTO `vehicle_management`.`vehicle_inspection_info` (`inspection_no`, `cost`, `plate_number`, `registration_date`, `valid_until`) VALUES ('inspect_72', 442.49, '30A-54845', '2025-10-25 00:00:00', '2026-10-25 00:00:00');
INSERT INTO `vehicle_management`.`vehicle_inspection_info` (`inspection_no`, `cost`, `plate_number`, `registration_date`, `valid_until`) VALUES ('inspect_73', 211.05, '30A-83917', '2024-05-08 00:00:00', '2025-05-08 00:00:00');
INSERT INTO `vehicle_management`.`vehicle_inspection_info` (`inspection_no`, `cost`, `plate_number`, `registration_date`, `valid_until`) VALUES ('inspect_74', 224.55, '30A-58902', '2025-08-12 00:00:00', '2026-08-12 00:00:00');
INSERT INTO `vehicle_management`.`vehicle_inspection_info` (`inspection_no`, `cost`, `plate_number`, `registration_date`, `valid_until`) VALUES ('inspect_75', 156.01, '30A-76943', '2023-04-19 00:00:00', '2024-04-18 00:00:00');
INSERT INTO `vehicle_management`.`vehicle_inspection_info` (`inspection_no`, `cost`, `plate_number`, `registration_date`, `valid_until`) VALUES ('inspect_76', 387.53, '30A-50880', '2023-11-12 00:00:00', '2024-11-11 00:00:00');
INSERT INTO `vehicle_management`.`vehicle_inspection_info` (`inspection_no`, `cost`, `plate_number`, `registration_date`, `valid_until`) VALUES ('inspect_77', 330.04, '30A-67519', '2025-05-31 00:00:00', '2026-05-31 00:00:00');
INSERT INTO `vehicle_management`.`vehicle_inspection_info` (`inspection_no`, `cost`, `plate_number`, `registration_date`, `valid_until`) VALUES ('inspect_78', 169.04, '30A-50817', '2025-01-07 00:00:00', '2026-01-07 00:00:00');
INSERT INTO `vehicle_management`.`vehicle_inspection_info` (`inspection_no`, `cost`, `plate_number`, `registration_date`, `valid_until`) VALUES ('inspect_79', 137.27, '30A-57353', '2025-03-07 00:00:00', '2026-03-07 00:00:00');
INSERT INTO `vehicle_management`.`vehicle_inspection_info` (`inspection_no`, `cost`, `plate_number`, `registration_date`, `valid_until`) VALUES ('inspect_80', 355.54, '30A-14809', '2025-12-19 00:00:00', '2026-12-19 00:00:00');
INSERT INTO `vehicle_management`.`vehicle_inspection_info` (`inspection_no`, `cost`, `plate_number`, `registration_date`, `valid_until`) VALUES ('inspect_81', 150.64, '30A-58397', '2025-06-06 00:00:00', '2026-06-06 00:00:00');
INSERT INTO `vehicle_management`.`vehicle_inspection_info` (`inspection_no`, `cost`, `plate_number`, `registration_date`, `valid_until`) VALUES ('inspect_82', 336.48, '30A-28087', '2023-01-25 00:00:00', '2024-01-25 00:00:00');
INSERT INTO `vehicle_management`.`vehicle_inspection_info` (`inspection_no`, `cost`, `plate_number`, `registration_date`, `valid_until`) VALUES ('inspect_83', 142.32, '30A-87603', '2024-03-21 00:00:00', '2025-03-21 00:00:00');
INSERT INTO `vehicle_management`.`vehicle_inspection_info` (`inspection_no`, `cost`, `plate_number`, `registration_date`, `valid_until`) VALUES ('inspect_84', 406.87, '30A-16779', '2025-07-11 00:00:00', '2026-07-11 00:00:00');
INSERT INTO `vehicle_management`.`vehicle_inspection_info` (`inspection_no`, `cost`, `plate_number`, `registration_date`, `valid_until`) VALUES ('inspect_85', 318.11, '30A-78747', '2023-06-11 00:00:00', '2024-06-10 00:00:00');
INSERT INTO `vehicle_management`.`vehicle_inspection_info` (`inspection_no`, `cost`, `plate_number`, `registration_date`, `valid_until`) VALUES ('inspect_86', 144.00, '30A-14537', '2023-03-21 00:00:00', '2024-03-20 00:00:00');
INSERT INTO `vehicle_management`.`vehicle_inspection_info` (`inspection_no`, `cost`, `plate_number`, `registration_date`, `valid_until`) VALUES ('inspect_87', 256.84, '30A-31958', '2023-05-28 00:00:00', '2024-05-27 00:00:00');
INSERT INTO `vehicle_management`.`vehicle_inspection_info` (`inspection_no`, `cost`, `plate_number`, `registration_date`, `valid_until`) VALUES ('inspect_88', 465.61, '30A-64849', '2023-05-13 00:00:00', '2024-05-12 00:00:00');
INSERT INTO `vehicle_management`.`vehicle_inspection_info` (`inspection_no`, `cost`, `plate_number`, `registration_date`, `valid_until`) VALUES ('inspect_89', 153.61, '30A-21128', '2025-12-21 00:00:00', '2026-12-21 00:00:00');
INSERT INTO `vehicle_management`.`vehicle_inspection_info` (`inspection_no`, `cost`, `plate_number`, `registration_date`, `valid_until`) VALUES ('inspect_90', 245.25, '30A-20722', '2023-04-02 00:00:00', '2024-04-01 00:00:00');
INSERT INTO `vehicle_management`.`vehicle_inspection_info` (`inspection_no`, `cost`, `plate_number`, `registration_date`, `valid_until`) VALUES ('inspect_91', 370.43, '30A-43854', '2025-04-04 00:00:00', '2026-04-04 00:00:00');
INSERT INTO `vehicle_management`.`vehicle_inspection_info` (`inspection_no`, `cost`, `plate_number`, `registration_date`, `valid_until`) VALUES ('inspect_92', 486.76, '30A-46727', '2025-11-27 00:00:00', '2026-11-27 00:00:00');
INSERT INTO `vehicle_management`.`vehicle_inspection_info` (`inspection_no`, `cost`, `plate_number`, `registration_date`, `valid_until`) VALUES ('inspect_93', 422.27, '30A-49598', '2024-04-16 00:00:00', '2025-04-16 00:00:00');
INSERT INTO `vehicle_management`.`vehicle_inspection_info` (`inspection_no`, `cost`, `plate_number`, `registration_date`, `valid_until`) VALUES ('inspect_94', 457.73, '30A-20452', '2024-10-28 00:00:00', '2025-10-28 00:00:00');
INSERT INTO `vehicle_management`.`vehicle_inspection_info` (`inspection_no`, `cost`, `plate_number`, `registration_date`, `valid_until`) VALUES ('inspect_95', 335.34, '30A-81853', '2024-08-01 00:00:00', '2025-08-01 00:00:00');
INSERT INTO `vehicle_management`.`vehicle_inspection_info` (`inspection_no`, `cost`, `plate_number`, `registration_date`, `valid_until`) VALUES ('inspect_96', 227.65, '30A-92196', '2023-02-02 00:00:00', '2024-02-02 00:00:00');
INSERT INTO `vehicle_management`.`vehicle_inspection_info` (`inspection_no`, `cost`, `plate_number`, `registration_date`, `valid_until`) VALUES ('inspect_97', 158.64, '30A-78297', '2024-04-26 00:00:00', '2025-04-26 00:00:00');
INSERT INTO `vehicle_management`.`vehicle_inspection_info` (`inspection_no`, `cost`, `plate_number`, `registration_date`, `valid_until`) VALUES ('inspect_98', 402.69, '30A-48606', '2025-01-23 00:00:00', '2026-01-23 00:00:00');
INSERT INTO `vehicle_management`.`vehicle_inspection_info` (`inspection_no`, `cost`, `plate_number`, `registration_date`, `valid_until`) VALUES ('inspect_99', 409.37, '30A-16766', '2024-05-19 00:00:00', '2025-05-19 00:00:00');
INSERT INTO `vehicle_management`.`vehicle_maintenance_info` (`added_fuel`, `cost`, `end`, `info`, `plate_number`, `start`) VALUES (15.75, 443.90, '2023-04-23 00:00:00', 'Maintenance info 0', '30A-68676', '2023-04-21 00:00:00');
INSERT INTO `vehicle_management`.`vehicle_maintenance_info` (`added_fuel`, `cost`, `end`, `info`, `plate_number`, `start`) VALUES (12.17, 335.47, '2025-05-03 00:00:00', 'Maintenance info 1', '30A-89664', '2025-05-01 00:00:00');
INSERT INTO `vehicle_management`.`vehicle_maintenance_info` (`added_fuel`, `cost`, `end`, `info`, `plate_number`, `start`) VALUES (15.14, 362.71, '2023-02-23 00:00:00', 'Maintenance info 2', '30A-54373', '2023-02-21 00:00:00');
INSERT INTO `vehicle_management`.`vehicle_maintenance_info` (`added_fuel`, `cost`, `end`, `info`, `plate_number`, `start`) VALUES (20.45, 425.28, '2023-01-09 00:00:00', 'Maintenance info 3', '30A-10515', '2023-01-04 00:00:00');
INSERT INTO `vehicle_management`.`vehicle_maintenance_info` (`added_fuel`, `cost`, `end`, `info`, `plate_number`, `start`) VALUES (11.58, 457.06, '2025-10-21 00:00:00', 'Maintenance info 4', '30A-27911', '2025-10-17 00:00:00');
INSERT INTO `vehicle_management`.`vehicle_maintenance_info` (`added_fuel`, `cost`, `end`, `info`, `plate_number`, `start`) VALUES (37.16, 294.80, '2024-07-22 00:00:00', 'Maintenance info 5', '30A-85618', '2024-07-17 00:00:00');
INSERT INTO `vehicle_management`.`vehicle_maintenance_info` (`added_fuel`, `cost`, `end`, `info`, `plate_number`, `start`) VALUES (47.69, 340.27, '2023-12-05 00:00:00', 'Maintenance info 6', '30A-84207', '2023-11-29 00:00:00');
INSERT INTO `vehicle_management`.`vehicle_maintenance_info` (`added_fuel`, `cost`, `end`, `info`, `plate_number`, `start`) VALUES (42.87, 204.83, '2023-07-25 00:00:00', 'Maintenance info 7', '30A-35068', '2023-07-19 00:00:00');
INSERT INTO `vehicle_management`.`vehicle_maintenance_info` (`added_fuel`, `cost`, `end`, `info`, `plate_number`, `start`) VALUES (13.83, 254.91, '2025-09-24 00:00:00', 'Maintenance info 8', '30A-74013', '2025-09-19 00:00:00');
INSERT INTO `vehicle_management`.`vehicle_maintenance_info` (`added_fuel`, `cost`, `end`, `info`, `plate_number`, `start`) VALUES (45.56, 311.52, '2025-08-27 00:00:00', 'Maintenance info 9', '30A-87372', '2025-08-24 00:00:00');
INSERT INTO `vehicle_management`.`vehicle_maintenance_info` (`added_fuel`, `cost`, `end`, `info`, `plate_number`, `start`) VALUES (45.55, 129.56, '2024-12-06 00:00:00', 'Maintenance info 10', '30A-13605', '2024-12-03 00:00:00');
INSERT INTO `vehicle_management`.`vehicle_maintenance_info` (`added_fuel`, `cost`, `end`, `info`, `plate_number`, `start`) VALUES (40.97, 419.96, '2024-09-24 00:00:00', 'Maintenance info 11', '30A-97905', '2024-09-18 00:00:00');
INSERT INTO `vehicle_management`.`vehicle_maintenance_info` (`added_fuel`, `cost`, `end`, `info`, `plate_number`, `start`) VALUES (26.41, 210.88, '2025-08-29 00:00:00', 'Maintenance info 12', '30A-25896', '2025-08-26 00:00:00');
INSERT INTO `vehicle_management`.`vehicle_maintenance_info` (`added_fuel`, `cost`, `end`, `info`, `plate_number`, `start`) VALUES (28.34, 164.00, '2024-02-18 00:00:00', 'Maintenance info 13', '30A-31312', '2024-02-08 00:00:00');
INSERT INTO `vehicle_management`.`vehicle_maintenance_info` (`added_fuel`, `cost`, `end`, `info`, `plate_number`, `start`) VALUES (24.13, 406.47, '2024-10-09 00:00:00', 'Maintenance info 14', '30A-33114', '2024-10-05 00:00:00');
INSERT INTO `vehicle_management`.`vehicle_maintenance_info` (`added_fuel`, `cost`, `end`, `info`, `plate_number`, `start`) VALUES (37.65, 395.55, '2025-08-03 00:00:00', 'Maintenance info 15', '30A-89161', '2025-08-02 00:00:00');
INSERT INTO `vehicle_management`.`vehicle_maintenance_info` (`added_fuel`, `cost`, `end`, `info`, `plate_number`, `start`) VALUES (11.99, 276.65, '2025-05-27 00:00:00', 'Maintenance info 16', '30A-64239', '2025-05-26 00:00:00');
INSERT INTO `vehicle_management`.`vehicle_maintenance_info` (`added_fuel`, `cost`, `end`, `info`, `plate_number`, `start`) VALUES (11.42, 254.92, '2024-12-05 00:00:00', 'Maintenance info 17', '30A-45200', '2024-12-01 00:00:00');
INSERT INTO `vehicle_management`.`vehicle_maintenance_info` (`added_fuel`, `cost`, `end`, `info`, `plate_number`, `start`) VALUES (22.52, 293.13, '2024-12-22 00:00:00', 'Maintenance info 18', '30A-72056', '2024-12-12 00:00:00');
INSERT INTO `vehicle_management`.`vehicle_maintenance_info` (`added_fuel`, `cost`, `end`, `info`, `plate_number`, `start`) VALUES (25.26, 356.32, '2023-08-17 00:00:00', 'Maintenance info 19', '30A-75042', '2023-08-11 00:00:00');
INSERT INTO `vehicle_management`.`vehicle_maintenance_info` (`added_fuel`, `cost`, `end`, `info`, `plate_number`, `start`) VALUES (49.24, 302.64, '2025-12-15 00:00:00', 'Maintenance info 20', '30A-33938', '2025-12-10 00:00:00');
INSERT INTO `vehicle_management`.`vehicle_maintenance_info` (`added_fuel`, `cost`, `end`, `info`, `plate_number`, `start`) VALUES (40.97, 497.94, '2024-01-28 00:00:00', 'Maintenance info 21', '30A-50272', '2024-01-26 00:00:00');
INSERT INTO `vehicle_management`.`vehicle_maintenance_info` (`added_fuel`, `cost`, `end`, `info`, `plate_number`, `start`) VALUES (13.10, 399.78, '2024-11-02 00:00:00', 'Maintenance info 22', '30A-50686', '2024-10-23 00:00:00');
INSERT INTO `vehicle_management`.`vehicle_maintenance_info` (`added_fuel`, `cost`, `end`, `info`, `plate_number`, `start`) VALUES (10.92, 361.91, '2023-03-21 00:00:00', 'Maintenance info 23', '30A-64886', '2023-03-11 00:00:00');
INSERT INTO `vehicle_management`.`vehicle_maintenance_info` (`added_fuel`, `cost`, `end`, `info`, `plate_number`, `start`) VALUES (14.30, 167.41, '2024-12-28 00:00:00', 'Maintenance info 24', '30A-13146', '2024-12-23 00:00:00');
INSERT INTO `vehicle_management`.`vehicle_maintenance_info` (`added_fuel`, `cost`, `end`, `info`, `plate_number`, `start`) VALUES (31.38, 324.45, '2024-08-29 00:00:00', 'Maintenance info 25', '30A-98086', '2024-08-28 00:00:00');
INSERT INTO `vehicle_management`.`vehicle_maintenance_info` (`added_fuel`, `cost`, `end`, `info`, `plate_number`, `start`) VALUES (34.39, 432.57, '2023-05-18 00:00:00', 'Maintenance info 26', '30A-37312', '2023-05-09 00:00:00');
INSERT INTO `vehicle_management`.`vehicle_maintenance_info` (`added_fuel`, `cost`, `end`, `info`, `plate_number`, `start`) VALUES (19.62, 408.79, '2023-10-09 00:00:00', 'Maintenance info 27', '30A-26150', '2023-10-05 00:00:00');
INSERT INTO `vehicle_management`.`vehicle_maintenance_info` (`added_fuel`, `cost`, `end`, `info`, `plate_number`, `start`) VALUES (10.06, 164.56, '2024-03-27 00:00:00', 'Maintenance info 28', '30A-25811', '2024-03-21 00:00:00');
INSERT INTO `vehicle_management`.`vehicle_maintenance_info` (`added_fuel`, `cost`, `end`, `info`, `plate_number`, `start`) VALUES (39.99, 376.14, '2025-07-04 00:00:00', 'Maintenance info 29', '30A-97449', '2025-06-25 00:00:00');
INSERT INTO `vehicle_management`.`vehicle_maintenance_info` (`added_fuel`, `cost`, `end`, `info`, `plate_number`, `start`) VALUES (36.52, 472.59, '2023-07-31 00:00:00', 'Maintenance info 30', '30A-47741', '2023-07-26 00:00:00');
INSERT INTO `vehicle_management`.`vehicle_maintenance_info` (`added_fuel`, `cost`, `end`, `info`, `plate_number`, `start`) VALUES (15.37, 213.78, '2023-08-27 00:00:00', 'Maintenance info 31', '30A-53781', '2023-08-18 00:00:00');
INSERT INTO `vehicle_management`.`vehicle_maintenance_info` (`added_fuel`, `cost`, `end`, `info`, `plate_number`, `start`) VALUES (10.22, 187.03, '2025-09-10 00:00:00', 'Maintenance info 32', '30A-95356', '2025-09-07 00:00:00');
INSERT INTO `vehicle_management`.`vehicle_maintenance_info` (`added_fuel`, `cost`, `end`, `info`, `plate_number`, `start`) VALUES (42.41, 142.01, '2024-09-20 00:00:00', 'Maintenance info 33', '30A-27284', '2024-09-12 00:00:00');
INSERT INTO `vehicle_management`.`vehicle_maintenance_info` (`added_fuel`, `cost`, `end`, `info`, `plate_number`, `start`) VALUES (30.42, 426.69, '2024-04-05 00:00:00', 'Maintenance info 34', '30A-13393', '2024-04-04 00:00:00');
INSERT INTO `vehicle_management`.`vehicle_maintenance_info` (`added_fuel`, `cost`, `end`, `info`, `plate_number`, `start`) VALUES (35.34, 282.97, '2025-02-07 00:00:00', 'Maintenance info 35', '30A-92748', '2025-01-30 00:00:00');
INSERT INTO `vehicle_management`.`vehicle_maintenance_info` (`added_fuel`, `cost`, `end`, `info`, `plate_number`, `start`) VALUES (40.51, 486.24, '2024-12-19 00:00:00', 'Maintenance info 36', '30A-56058', '2024-12-12 00:00:00');
INSERT INTO `vehicle_management`.`vehicle_maintenance_info` (`added_fuel`, `cost`, `end`, `info`, `plate_number`, `start`) VALUES (37.45, 141.70, '2023-06-19 00:00:00', 'Maintenance info 37', '30A-53723', '2023-06-13 00:00:00');
INSERT INTO `vehicle_management`.`vehicle_maintenance_info` (`added_fuel`, `cost`, `end`, `info`, `plate_number`, `start`) VALUES (42.08, 301.70, '2025-10-12 00:00:00', 'Maintenance info 38', '30A-78441', '2025-10-09 00:00:00');
INSERT INTO `vehicle_management`.`vehicle_maintenance_info` (`added_fuel`, `cost`, `end`, `info`, `plate_number`, `start`) VALUES (22.25, 104.93, '2023-01-12 00:00:00', 'Maintenance info 39', '30A-33034', '2023-01-07 00:00:00');
INSERT INTO `vehicle_management`.`vehicle_maintenance_info` (`added_fuel`, `cost`, `end`, `info`, `plate_number`, `start`) VALUES (17.84, 443.38, '2026-01-01 00:00:00', 'Maintenance info 40', '30A-11769', '2025-12-29 00:00:00');
INSERT INTO `vehicle_management`.`vehicle_maintenance_info` (`added_fuel`, `cost`, `end`, `info`, `plate_number`, `start`) VALUES (27.46, 264.32, '2025-01-29 00:00:00', 'Maintenance info 41', '30A-83962', '2025-01-23 00:00:00');
INSERT INTO `vehicle_management`.`vehicle_maintenance_info` (`added_fuel`, `cost`, `end`, `info`, `plate_number`, `start`) VALUES (38.88, 348.58, '2025-04-30 00:00:00', 'Maintenance info 42', '30A-31257', '2025-04-27 00:00:00');
INSERT INTO `vehicle_management`.`vehicle_maintenance_info` (`added_fuel`, `cost`, `end`, `info`, `plate_number`, `start`) VALUES (46.26, 131.48, '2023-05-26 00:00:00', 'Maintenance info 43', '30A-26870', '2023-05-17 00:00:00');
INSERT INTO `vehicle_management`.`vehicle_maintenance_info` (`added_fuel`, `cost`, `end`, `info`, `plate_number`, `start`) VALUES (29.26, 147.39, '2025-06-02 00:00:00', 'Maintenance info 44', '30A-45269', '2025-05-29 00:00:00');
INSERT INTO `vehicle_management`.`vehicle_maintenance_info` (`added_fuel`, `cost`, `end`, `info`, `plate_number`, `start`) VALUES (40.17, 372.29, '2023-04-24 00:00:00', 'Maintenance info 45', '30A-14513', '2023-04-14 00:00:00');
INSERT INTO `vehicle_management`.`vehicle_maintenance_info` (`added_fuel`, `cost`, `end`, `info`, `plate_number`, `start`) VALUES (28.00, 487.72, '2024-10-05 00:00:00', 'Maintenance info 46', '30A-88364', '2024-09-30 00:00:00');
INSERT INTO `vehicle_management`.`vehicle_maintenance_info` (`added_fuel`, `cost`, `end`, `info`, `plate_number`, `start`) VALUES (43.02, 267.77, '2023-07-13 00:00:00', 'Maintenance info 47', '30A-46589', '2023-07-03 00:00:00');
INSERT INTO `vehicle_management`.`vehicle_maintenance_info` (`added_fuel`, `cost`, `end`, `info`, `plate_number`, `start`) VALUES (28.30, 203.81, '2025-03-24 00:00:00', 'Maintenance info 48', '30A-86160', '2025-03-16 00:00:00');
INSERT INTO `vehicle_management`.`vehicle_maintenance_info` (`added_fuel`, `cost`, `end`, `info`, `plate_number`, `start`) VALUES (24.42, 327.39, '2024-06-16 00:00:00', 'Maintenance info 49', '30A-50075', '2024-06-08 00:00:00');
INSERT INTO `vehicle_management`.`vehicle_maintenance_info` (`added_fuel`, `cost`, `end`, `info`, `plate_number`, `start`) VALUES (40.00, 352.40, '2024-01-25 00:00:00', 'Maintenance info 50', '30A-46491', '2024-01-18 00:00:00');
INSERT INTO `vehicle_management`.`vehicle_maintenance_info` (`added_fuel`, `cost`, `end`, `info`, `plate_number`, `start`) VALUES (23.76, 146.49, '2023-09-14 00:00:00', 'Maintenance info 51', '30A-89583', '2023-09-10 00:00:00');
INSERT INTO `vehicle_management`.`vehicle_maintenance_info` (`added_fuel`, `cost`, `end`, `info`, `plate_number`, `start`) VALUES (14.97, 400.80, '2023-03-21 00:00:00', 'Maintenance info 52', '30A-96001', '2023-03-13 00:00:00');
INSERT INTO `vehicle_management`.`vehicle_maintenance_info` (`added_fuel`, `cost`, `end`, `info`, `plate_number`, `start`) VALUES (31.73, 184.80, '2024-01-02 00:00:00', 'Maintenance info 53', '30A-45722', '2023-12-31 00:00:00');
INSERT INTO `vehicle_management`.`vehicle_maintenance_info` (`added_fuel`, `cost`, `end`, `info`, `plate_number`, `start`) VALUES (40.84, 486.10, '2024-10-08 00:00:00', 'Maintenance info 54', '30A-86290', '2024-09-30 00:00:00');
INSERT INTO `vehicle_management`.`vehicle_maintenance_info` (`added_fuel`, `cost`, `end`, `info`, `plate_number`, `start`) VALUES (15.11, 391.73, '2025-07-11 00:00:00', 'Maintenance info 55', '30A-77778', '2025-07-09 00:00:00');
INSERT INTO `vehicle_management`.`vehicle_maintenance_info` (`added_fuel`, `cost`, `end`, `info`, `plate_number`, `start`) VALUES (24.95, 161.16, '2024-12-16 00:00:00', 'Maintenance info 56', '30A-35128', '2024-12-06 00:00:00');
INSERT INTO `vehicle_management`.`vehicle_maintenance_info` (`added_fuel`, `cost`, `end`, `info`, `plate_number`, `start`) VALUES (10.03, 124.92, '2023-11-25 00:00:00', 'Maintenance info 57', '30A-82092', '2023-11-15 00:00:00');
INSERT INTO `vehicle_management`.`vehicle_maintenance_info` (`added_fuel`, `cost`, `end`, `info`, `plate_number`, `start`) VALUES (25.43, 215.80, '2024-10-15 00:00:00', 'Maintenance info 58', '30A-94116', '2024-10-10 00:00:00');
INSERT INTO `vehicle_management`.`vehicle_maintenance_info` (`added_fuel`, `cost`, `end`, `info`, `plate_number`, `start`) VALUES (20.35, 498.79, '2025-01-15 00:00:00', 'Maintenance info 59', '30A-70002', '2025-01-12 00:00:00');
INSERT INTO `vehicle_management`.`vehicle_maintenance_info` (`added_fuel`, `cost`, `end`, `info`, `plate_number`, `start`) VALUES (34.10, 204.51, '2025-03-08 00:00:00', 'Maintenance info 60', '30A-82649', '2025-03-04 00:00:00');
INSERT INTO `vehicle_management`.`vehicle_maintenance_info` (`added_fuel`, `cost`, `end`, `info`, `plate_number`, `start`) VALUES (19.58, 201.83, '2024-07-05 00:00:00', 'Maintenance info 61', '30A-93716', '2024-07-04 00:00:00');
INSERT INTO `vehicle_management`.`vehicle_maintenance_info` (`added_fuel`, `cost`, `end`, `info`, `plate_number`, `start`) VALUES (21.75, 218.14, '2025-12-13 00:00:00', 'Maintenance info 62', '30A-47422', '2025-12-03 00:00:00');
INSERT INTO `vehicle_management`.`vehicle_maintenance_info` (`added_fuel`, `cost`, `end`, `info`, `plate_number`, `start`) VALUES (37.27, 114.27, '2025-12-29 00:00:00', 'Maintenance info 63', '30A-63639', '2025-12-24 00:00:00');
INSERT INTO `vehicle_management`.`vehicle_maintenance_info` (`added_fuel`, `cost`, `end`, `info`, `plate_number`, `start`) VALUES (31.95, 174.96, '2023-04-08 00:00:00', 'Maintenance info 64', '30A-19538', '2023-03-30 00:00:00');
INSERT INTO `vehicle_management`.`vehicle_maintenance_info` (`added_fuel`, `cost`, `end`, `info`, `plate_number`, `start`) VALUES (21.21, 343.55, '2025-05-30 00:00:00', 'Maintenance info 65', '30A-34929', '2025-05-24 00:00:00');
INSERT INTO `vehicle_management`.`vehicle_maintenance_info` (`added_fuel`, `cost`, `end`, `info`, `plate_number`, `start`) VALUES (39.23, 483.84, '2025-09-02 00:00:00', 'Maintenance info 66', '30A-90489', '2025-08-23 00:00:00');
INSERT INTO `vehicle_management`.`vehicle_maintenance_info` (`added_fuel`, `cost`, `end`, `info`, `plate_number`, `start`) VALUES (26.74, 164.49, '2024-12-19 00:00:00', 'Maintenance info 67', '30A-84296', '2024-12-12 00:00:00');
INSERT INTO `vehicle_management`.`vehicle_maintenance_info` (`added_fuel`, `cost`, `end`, `info`, `plate_number`, `start`) VALUES (38.44, 427.68, '2024-12-28 00:00:00', 'Maintenance info 68', '30A-29215', '2024-12-27 00:00:00');
INSERT INTO `vehicle_management`.`vehicle_maintenance_info` (`added_fuel`, `cost`, `end`, `info`, `plate_number`, `start`) VALUES (46.18, 185.03, '2024-11-13 00:00:00', 'Maintenance info 69', '30A-74071', '2024-11-10 00:00:00');
INSERT INTO `vehicle_management`.`vehicle_maintenance_info` (`added_fuel`, `cost`, `end`, `info`, `plate_number`, `start`) VALUES (46.45, 280.19, '2024-02-11 00:00:00', 'Maintenance info 70', '30A-39783', '2024-02-03 00:00:00');
INSERT INTO `vehicle_management`.`vehicle_maintenance_info` (`added_fuel`, `cost`, `end`, `info`, `plate_number`, `start`) VALUES (21.83, 489.07, '2025-09-11 00:00:00', 'Maintenance info 71', '30A-57702', '2025-09-01 00:00:00');
INSERT INTO `vehicle_management`.`vehicle_maintenance_info` (`added_fuel`, `cost`, `end`, `info`, `plate_number`, `start`) VALUES (42.11, 345.10, '2024-10-08 00:00:00', 'Maintenance info 72', '30A-54845', '2024-10-05 00:00:00');
INSERT INTO `vehicle_management`.`vehicle_maintenance_info` (`added_fuel`, `cost`, `end`, `info`, `plate_number`, `start`) VALUES (30.53, 473.16, '2024-01-02 00:00:00', 'Maintenance info 73', '30A-83917', '2023-12-31 00:00:00');
INSERT INTO `vehicle_management`.`vehicle_maintenance_info` (`added_fuel`, `cost`, `end`, `info`, `plate_number`, `start`) VALUES (19.92, 487.28, '2023-12-23 00:00:00', 'Maintenance info 74', '30A-58902', '2023-12-20 00:00:00');
INSERT INTO `vehicle_management`.`vehicle_maintenance_info` (`added_fuel`, `cost`, `end`, `info`, `plate_number`, `start`) VALUES (24.40, 171.31, '2024-03-07 00:00:00', 'Maintenance info 75', '30A-76943', '2024-02-29 00:00:00');
INSERT INTO `vehicle_management`.`vehicle_maintenance_info` (`added_fuel`, `cost`, `end`, `info`, `plate_number`, `start`) VALUES (12.91, 332.98, '2025-06-13 00:00:00', 'Maintenance info 76', '30A-50880', '2025-06-03 00:00:00');
INSERT INTO `vehicle_management`.`vehicle_maintenance_info` (`added_fuel`, `cost`, `end`, `info`, `plate_number`, `start`) VALUES (14.69, 315.93, '2025-11-06 00:00:00', 'Maintenance info 77', '30A-67519', '2025-10-29 00:00:00');
INSERT INTO `vehicle_management`.`vehicle_maintenance_info` (`added_fuel`, `cost`, `end`, `info`, `plate_number`, `start`) VALUES (11.00, 474.33, '2025-09-04 00:00:00', 'Maintenance info 78', '30A-50817', '2025-09-02 00:00:00');
INSERT INTO `vehicle_management`.`vehicle_maintenance_info` (`added_fuel`, `cost`, `end`, `info`, `plate_number`, `start`) VALUES (43.73, 321.56, '2024-08-30 00:00:00', 'Maintenance info 79', '30A-57353', '2024-08-22 00:00:00');
INSERT INTO `vehicle_management`.`vehicle_maintenance_info` (`added_fuel`, `cost`, `end`, `info`, `plate_number`, `start`) VALUES (28.46, 149.12, '2025-08-01 00:00:00', 'Maintenance info 80', '30A-14809', '2025-07-26 00:00:00');
INSERT INTO `vehicle_management`.`vehicle_maintenance_info` (`added_fuel`, `cost`, `end`, `info`, `plate_number`, `start`) VALUES (21.27, 394.55, '2023-12-24 00:00:00', 'Maintenance info 81', '30A-58397', '2023-12-22 00:00:00');
INSERT INTO `vehicle_management`.`vehicle_maintenance_info` (`added_fuel`, `cost`, `end`, `info`, `plate_number`, `start`) VALUES (40.72, 161.03, '2023-11-01 00:00:00', 'Maintenance info 82', '30A-28087', '2023-10-31 00:00:00');
INSERT INTO `vehicle_management`.`vehicle_maintenance_info` (`added_fuel`, `cost`, `end`, `info`, `plate_number`, `start`) VALUES (22.53, 126.95, '2023-07-01 00:00:00', 'Maintenance info 83', '30A-87603', '2023-06-21 00:00:00');
INSERT INTO `vehicle_management`.`vehicle_maintenance_info` (`added_fuel`, `cost`, `end`, `info`, `plate_number`, `start`) VALUES (30.07, 239.32, '2025-06-18 00:00:00', 'Maintenance info 84', '30A-16779', '2025-06-14 00:00:00');
INSERT INTO `vehicle_management`.`vehicle_maintenance_info` (`added_fuel`, `cost`, `end`, `info`, `plate_number`, `start`) VALUES (16.51, 115.51, '2025-02-14 00:00:00', 'Maintenance info 85', '30A-78747', '2025-02-06 00:00:00');
INSERT INTO `vehicle_management`.`vehicle_maintenance_info` (`added_fuel`, `cost`, `end`, `info`, `plate_number`, `start`) VALUES (41.15, 230.30, '2025-09-02 00:00:00', 'Maintenance info 86', '30A-14537', '2025-08-23 00:00:00');
INSERT INTO `vehicle_management`.`vehicle_maintenance_info` (`added_fuel`, `cost`, `end`, `info`, `plate_number`, `start`) VALUES (48.75, 462.13, '2024-07-27 00:00:00', 'Maintenance info 87', '30A-31958', '2024-07-20 00:00:00');
INSERT INTO `vehicle_management`.`vehicle_maintenance_info` (`added_fuel`, `cost`, `end`, `info`, `plate_number`, `start`) VALUES (18.37, 260.07, '2023-10-27 00:00:00', 'Maintenance info 88', '30A-64849', '2023-10-20 00:00:00');
INSERT INTO `vehicle_management`.`vehicle_maintenance_info` (`added_fuel`, `cost`, `end`, `info`, `plate_number`, `start`) VALUES (35.69, 359.16, '2023-11-03 00:00:00', 'Maintenance info 89', '30A-21128', '2023-10-31 00:00:00');
INSERT INTO `vehicle_management`.`vehicle_maintenance_info` (`added_fuel`, `cost`, `end`, `info`, `plate_number`, `start`) VALUES (38.44, 351.69, '2024-06-25 00:00:00', 'Maintenance info 90', '30A-20722', '2024-06-22 00:00:00');
INSERT INTO `vehicle_management`.`vehicle_maintenance_info` (`added_fuel`, `cost`, `end`, `info`, `plate_number`, `start`) VALUES (19.37, 416.75, '2024-06-23 00:00:00', 'Maintenance info 91', '30A-43854', '2024-06-17 00:00:00');
INSERT INTO `vehicle_management`.`vehicle_maintenance_info` (`added_fuel`, `cost`, `end`, `info`, `plate_number`, `start`) VALUES (15.74, 378.88, '2025-11-25 00:00:00', 'Maintenance info 92', '30A-46727', '2025-11-18 00:00:00');
INSERT INTO `vehicle_management`.`vehicle_maintenance_info` (`added_fuel`, `cost`, `end`, `info`, `plate_number`, `start`) VALUES (24.57, 215.55, '2023-05-27 00:00:00', 'Maintenance info 93', '30A-49598', '2023-05-18 00:00:00');
INSERT INTO `vehicle_management`.`vehicle_maintenance_info` (`added_fuel`, `cost`, `end`, `info`, `plate_number`, `start`) VALUES (26.60, 110.98, '2024-10-19 00:00:00', 'Maintenance info 94', '30A-20452', '2024-10-16 00:00:00');
INSERT INTO `vehicle_management`.`vehicle_maintenance_info` (`added_fuel`, `cost`, `end`, `info`, `plate_number`, `start`) VALUES (32.34, 356.58, '2023-02-13 00:00:00', 'Maintenance info 95', '30A-81853', '2023-02-12 00:00:00');
INSERT INTO `vehicle_management`.`vehicle_maintenance_info` (`added_fuel`, `cost`, `end`, `info`, `plate_number`, `start`) VALUES (37.09, 225.31, '2024-09-18 00:00:00', 'Maintenance info 96', '30A-92196', '2024-09-16 00:00:00');
INSERT INTO `vehicle_management`.`vehicle_maintenance_info` (`added_fuel`, `cost`, `end`, `info`, `plate_number`, `start`) VALUES (48.64, 369.02, '2023-12-11 00:00:00', 'Maintenance info 97', '30A-78297', '2023-12-03 00:00:00');
INSERT INTO `vehicle_management`.`vehicle_maintenance_info` (`added_fuel`, `cost`, `end`, `info`, `plate_number`, `start`) VALUES (49.59, 428.25, '2024-03-16 00:00:00', 'Maintenance info 98', '30A-48606', '2024-03-11 00:00:00');
INSERT INTO `vehicle_management`.`vehicle_maintenance_info` (`added_fuel`, `cost`, `end`, `info`, `plate_number`, `start`) VALUES (20.78, 384.58, '2025-02-24 00:00:00', 'Maintenance info 99', '30A-16766', '2025-02-16 00:00:00');
INSERT INTO `vehicle_management`.`vehicle_register_info` (`course_name`, `end`, `plate_number`, `start`, `teacher_name`) VALUES ('Course 0', '2026-01-08 00:00:00', '30A-68676', '2025-11-13 00:00:00', 'Dang Thi J');
INSERT INTO `vehicle_management`.`vehicle_register_info` (`course_name`, `end`, `plate_number`, `start`, `teacher_name`) VALUES ('Course 1', '2025-03-27 00:00:00', '30A-89664', '2025-02-08 00:00:00', 'Bui Thi H');
INSERT INTO `vehicle_management`.`vehicle_register_info` (`course_name`, `end`, `plate_number`, `start`, `teacher_name`) VALUES ('Course 2', '2023-08-11 00:00:00', '30A-54373', '2023-07-04 00:00:00', 'Hoang Van E');
INSERT INTO `vehicle_management`.`vehicle_register_info` (`course_name`, `end`, `plate_number`, `start`, `teacher_name`) VALUES ('Course 3', '2026-02-13 00:00:00', '30A-10515', '2025-12-14 00:00:00', 'Do Van G');
INSERT INTO `vehicle_management`.`vehicle_register_info` (`course_name`, `end`, `plate_number`, `start`, `teacher_name`) VALUES ('Course 4', '2024-11-28 00:00:00', '30A-27911', '2024-09-07 00:00:00', 'Dang Thi J');
INSERT INTO `vehicle_management`.`vehicle_register_info` (`course_name`, `end`, `plate_number`, `start`, `teacher_name`) VALUES ('Course 5', '2025-12-22 00:00:00', '30A-85618', '2025-11-05 00:00:00', 'Tran Thi B');
INSERT INTO `vehicle_management`.`vehicle_register_info` (`course_name`, `end`, `plate_number`, `start`, `teacher_name`) VALUES ('Course 6', '2025-04-01 00:00:00', '30A-84207', '2025-01-24 00:00:00', 'Bui Thi H');
INSERT INTO `vehicle_management`.`vehicle_register_info` (`course_name`, `end`, `plate_number`, `start`, `teacher_name`) VALUES ('Course 7', '2025-11-09 00:00:00', '30A-35068', '2025-09-23 00:00:00', 'Pham Thi D');
INSERT INTO `vehicle_management`.`vehicle_register_info` (`course_name`, `end`, `plate_number`, `start`, `teacher_name`) VALUES ('Course 8', '2025-10-03 00:00:00', '30A-74013', '2025-08-18 00:00:00', 'Vu Thi F');
INSERT INTO `vehicle_management`.`vehicle_register_info` (`course_name`, `end`, `plate_number`, `start`, `teacher_name`) VALUES ('Course 9', '2024-02-13 00:00:00', '30A-87372', '2023-12-05 00:00:00', 'Tran Thi B');
INSERT INTO `vehicle_management`.`vehicle_register_info` (`course_name`, `end`, `plate_number`, `start`, `teacher_name`) VALUES ('Course 10', '2025-03-20 00:00:00', '30A-13605', '2025-02-14 00:00:00', 'Hoang Van E');
INSERT INTO `vehicle_management`.`vehicle_register_info` (`course_name`, `end`, `plate_number`, `start`, `teacher_name`) VALUES ('Course 11', '2024-10-25 00:00:00', '30A-97905', '2024-08-13 00:00:00', 'Do Van G');
INSERT INTO `vehicle_management`.`vehicle_register_info` (`course_name`, `end`, `plate_number`, `start`, `teacher_name`) VALUES ('Course 12', '2024-01-05 00:00:00', '30A-25896', '2023-10-11 00:00:00', 'Hoang Van E');
INSERT INTO `vehicle_management`.`vehicle_register_info` (`course_name`, `end`, `plate_number`, `start`, `teacher_name`) VALUES ('Course 13', '2026-03-04 00:00:00', '30A-31312', '2025-12-24 00:00:00', 'Pham Thi D');
INSERT INTO `vehicle_management`.`vehicle_register_info` (`course_name`, `end`, `plate_number`, `start`, `teacher_name`) VALUES ('Course 14', '2026-01-22 00:00:00', '30A-33114', '2025-11-19 00:00:00', 'Vu Thi F');
INSERT INTO `vehicle_management`.`vehicle_register_info` (`course_name`, `end`, `plate_number`, `start`, `teacher_name`) VALUES ('Course 15', '2025-02-10 00:00:00', '30A-89161', '2025-01-03 00:00:00', 'Nguyen Van A');
INSERT INTO `vehicle_management`.`vehicle_register_info` (`course_name`, `end`, `plate_number`, `start`, `teacher_name`) VALUES ('Course 16', '2025-11-05 00:00:00', '30A-64239', '2025-08-12 00:00:00', 'Ngo Van I');
INSERT INTO `vehicle_management`.`vehicle_register_info` (`course_name`, `end`, `plate_number`, `start`, `teacher_name`) VALUES ('Course 17', '2025-04-13 00:00:00', '30A-45200', '2025-03-04 00:00:00', 'Bui Thi H');
INSERT INTO `vehicle_management`.`vehicle_register_info` (`course_name`, `end`, `plate_number`, `start`, `teacher_name`) VALUES ('Course 18', '2025-12-29 00:00:00', '30A-72056', '2025-10-10 00:00:00', 'Vu Thi F');
INSERT INTO `vehicle_management`.`vehicle_register_info` (`course_name`, `end`, `plate_number`, `start`, `teacher_name`) VALUES ('Course 19', '2024-10-19 00:00:00', '30A-75042', '2024-08-18 00:00:00', 'Nguyen Van A');
INSERT INTO `vehicle_management`.`vehicle_register_info` (`course_name`, `end`, `plate_number`, `start`, `teacher_name`) VALUES ('Course 20', '2025-06-16 00:00:00', '30A-33938', '2025-05-11 00:00:00', 'Le Van C');
INSERT INTO `vehicle_management`.`vehicle_register_info` (`course_name`, `end`, `plate_number`, `start`, `teacher_name`) VALUES ('Course 21', '2024-05-13 00:00:00', '30A-50272', '2024-03-03 00:00:00', 'Vu Thi F');
INSERT INTO `vehicle_management`.`vehicle_register_info` (`course_name`, `end`, `plate_number`, `start`, `teacher_name`) VALUES ('Course 22', '2024-07-10 00:00:00', '30A-50686', '2024-05-17 00:00:00', 'Vu Thi F');
INSERT INTO `vehicle_management`.`vehicle_register_info` (`course_name`, `end`, `plate_number`, `start`, `teacher_name`) VALUES ('Course 23', '2025-01-31 00:00:00', '30A-64886', '2024-11-18 00:00:00', 'Vu Thi F');
INSERT INTO `vehicle_management`.`vehicle_register_info` (`course_name`, `end`, `plate_number`, `start`, `teacher_name`) VALUES ('Course 24', '2024-02-25 00:00:00', '30A-13146', '2024-01-15 00:00:00', 'Le Van C');
INSERT INTO `vehicle_management`.`vehicle_register_info` (`course_name`, `end`, `plate_number`, `start`, `teacher_name`) VALUES ('Course 25', '2025-10-20 00:00:00', '30A-98086', '2025-09-04 00:00:00', 'Bui Thi H');
INSERT INTO `vehicle_management`.`vehicle_register_info` (`course_name`, `end`, `plate_number`, `start`, `teacher_name`) VALUES ('Course 26', '2024-05-03 00:00:00', '30A-37312', '2024-02-22 00:00:00', 'Hoang Van E');
INSERT INTO `vehicle_management`.`vehicle_register_info` (`course_name`, `end`, `plate_number`, `start`, `teacher_name`) VALUES ('Course 27', '2023-06-01 00:00:00', '30A-26150', '2023-04-08 00:00:00', 'Tran Thi B');
INSERT INTO `vehicle_management`.`vehicle_register_info` (`course_name`, `end`, `plate_number`, `start`, `teacher_name`) VALUES ('Course 28', '2025-10-14 00:00:00', '30A-25811', '2025-08-27 00:00:00', 'Do Van G');
INSERT INTO `vehicle_management`.`vehicle_register_info` (`course_name`, `end`, `plate_number`, `start`, `teacher_name`) VALUES ('Course 29', '2025-12-08 00:00:00', '30A-97449', '2025-09-26 00:00:00', 'Bui Thi H');
INSERT INTO `vehicle_management`.`vehicle_register_info` (`course_name`, `end`, `plate_number`, `start`, `teacher_name`) VALUES ('Course 30', '2026-01-10 00:00:00', '30A-47741', '2025-12-02 00:00:00', 'Tran Thi B');
INSERT INTO `vehicle_management`.`vehicle_register_info` (`course_name`, `end`, `plate_number`, `start`, `teacher_name`) VALUES ('Course 31', '2026-03-19 00:00:00', '30A-53781', '2025-12-30 00:00:00', 'Hoang Van E');
INSERT INTO `vehicle_management`.`vehicle_register_info` (`course_name`, `end`, `plate_number`, `start`, `teacher_name`) VALUES ('Course 32', '2023-05-22 00:00:00', '30A-95356', '2023-03-03 00:00:00', 'Dang Thi J');
INSERT INTO `vehicle_management`.`vehicle_register_info` (`course_name`, `end`, `plate_number`, `start`, `teacher_name`) VALUES ('Course 33', '2025-12-14 00:00:00', '30A-27284', '2025-09-20 00:00:00', 'Ngo Van I');
INSERT INTO `vehicle_management`.`vehicle_register_info` (`course_name`, `end`, `plate_number`, `start`, `teacher_name`) VALUES ('Course 34', '2023-04-09 00:00:00', '30A-13393', '2023-02-02 00:00:00', 'Hoang Van E');
INSERT INTO `vehicle_management`.`vehicle_register_info` (`course_name`, `end`, `plate_number`, `start`, `teacher_name`) VALUES ('Course 35', '2025-08-21 00:00:00', '30A-92748', '2025-07-18 00:00:00', 'Nguyen Van A');
INSERT INTO `vehicle_management`.`vehicle_register_info` (`course_name`, `end`, `plate_number`, `start`, `teacher_name`) VALUES ('Course 36', '2023-10-30 00:00:00', '30A-56058', '2023-09-13 00:00:00', 'Nguyen Van A');
INSERT INTO `vehicle_management`.`vehicle_register_info` (`course_name`, `end`, `plate_number`, `start`, `teacher_name`) VALUES ('Course 37', '2025-09-01 00:00:00', '30A-53723', '2025-07-05 00:00:00', 'Dang Thi J');
INSERT INTO `vehicle_management`.`vehicle_register_info` (`course_name`, `end`, `plate_number`, `start`, `teacher_name`) VALUES ('Course 38', '2023-11-23 00:00:00', '30A-78441', '2023-09-11 00:00:00', 'Dang Thi J');
INSERT INTO `vehicle_management`.`vehicle_register_info` (`course_name`, `end`, `plate_number`, `start`, `teacher_name`) VALUES ('Course 39', '2023-07-18 00:00:00', '30A-33034', '2023-05-17 00:00:00', 'Bui Thi H');
INSERT INTO `vehicle_management`.`vehicle_register_info` (`course_name`, `end`, `plate_number`, `start`, `teacher_name`) VALUES ('Course 40', '2023-05-12 00:00:00', '30A-11769', '2023-03-19 00:00:00', 'Hoang Van E');
INSERT INTO `vehicle_management`.`vehicle_register_info` (`course_name`, `end`, `plate_number`, `start`, `teacher_name`) VALUES ('Course 41', '2026-03-09 00:00:00', '30A-83962', '2025-12-15 00:00:00', 'Dang Thi J');
INSERT INTO `vehicle_management`.`vehicle_register_info` (`course_name`, `end`, `plate_number`, `start`, `teacher_name`) VALUES ('Course 42', '2026-03-19 00:00:00', '30A-31257', '2025-12-21 00:00:00', 'Dang Thi J');
INSERT INTO `vehicle_management`.`vehicle_register_info` (`course_name`, `end`, `plate_number`, `start`, `teacher_name`) VALUES ('Course 43', '2025-03-26 00:00:00', '30A-26870', '2025-02-18 00:00:00', 'Do Van G');
INSERT INTO `vehicle_management`.`vehicle_register_info` (`course_name`, `end`, `plate_number`, `start`, `teacher_name`) VALUES ('Course 44', '2025-08-27 00:00:00', '30A-45269', '2025-06-17 00:00:00', 'Do Van G');
INSERT INTO `vehicle_management`.`vehicle_register_info` (`course_name`, `end`, `plate_number`, `start`, `teacher_name`) VALUES ('Course 45', '2024-07-05 00:00:00', '30A-14513', '2024-04-22 00:00:00', 'Dang Thi J');
INSERT INTO `vehicle_management`.`vehicle_register_info` (`course_name`, `end`, `plate_number`, `start`, `teacher_name`) VALUES ('Course 46', '2025-06-07 00:00:00', '30A-88364', '2025-03-28 00:00:00', 'Tran Thi B');
INSERT INTO `vehicle_management`.`vehicle_register_info` (`course_name`, `end`, `plate_number`, `start`, `teacher_name`) VALUES ('Course 47', '2025-12-19 00:00:00', '30A-46589', '2025-11-19 00:00:00', 'Tran Thi B');
INSERT INTO `vehicle_management`.`vehicle_register_info` (`course_name`, `end`, `plate_number`, `start`, `teacher_name`) VALUES ('Course 48', '2025-07-17 00:00:00', '30A-86160', '2025-04-29 00:00:00', 'Do Van G');
INSERT INTO `vehicle_management`.`vehicle_register_info` (`course_name`, `end`, `plate_number`, `start`, `teacher_name`) VALUES ('Course 49', '2023-10-26 00:00:00', '30A-50075', '2023-09-02 00:00:00', 'Hoang Van E');
INSERT INTO `vehicle_management`.`vehicle_register_info` (`course_name`, `end`, `plate_number`, `start`, `teacher_name`) VALUES ('Course 50', '2024-05-04 00:00:00', '30A-46491', '2024-03-06 00:00:00', 'Bui Thi H');
INSERT INTO `vehicle_management`.`vehicle_register_info` (`course_name`, `end`, `plate_number`, `start`, `teacher_name`) VALUES ('Course 51', '2025-09-22 00:00:00', '30A-89583', '2025-07-24 00:00:00', 'Dang Thi J');
INSERT INTO `vehicle_management`.`vehicle_register_info` (`course_name`, `end`, `plate_number`, `start`, `teacher_name`) VALUES ('Course 52', '2024-06-16 00:00:00', '30A-96001', '2024-04-25 00:00:00', 'Hoang Van E');
INSERT INTO `vehicle_management`.`vehicle_register_info` (`course_name`, `end`, `plate_number`, `start`, `teacher_name`) VALUES ('Course 53', '2025-11-10 00:00:00', '30A-45722', '2025-08-20 00:00:00', 'Vu Thi F');
INSERT INTO `vehicle_management`.`vehicle_register_info` (`course_name`, `end`, `plate_number`, `start`, `teacher_name`) VALUES ('Course 54', '2024-05-10 00:00:00', '30A-86290', '2024-04-10 00:00:00', 'Dang Thi J');
INSERT INTO `vehicle_management`.`vehicle_register_info` (`course_name`, `end`, `plate_number`, `start`, `teacher_name`) VALUES ('Course 55', '2023-10-09 00:00:00', '30A-77778', '2023-07-22 00:00:00', 'Pham Thi D');
INSERT INTO `vehicle_management`.`vehicle_register_info` (`course_name`, `end`, `plate_number`, `start`, `teacher_name`) VALUES ('Course 56', '2025-06-18 00:00:00', '30A-35128', '2025-05-12 00:00:00', 'Dang Thi J');
INSERT INTO `vehicle_management`.`vehicle_register_info` (`course_name`, `end`, `plate_number`, `start`, `teacher_name`) VALUES ('Course 57', '2025-01-06 00:00:00', '30A-82092', '2024-10-14 00:00:00', 'Hoang Van E');
INSERT INTO `vehicle_management`.`vehicle_register_info` (`course_name`, `end`, `plate_number`, `start`, `teacher_name`) VALUES ('Course 58', '2023-07-29 00:00:00', '30A-94116', '2023-06-18 00:00:00', 'Do Van G');
INSERT INTO `vehicle_management`.`vehicle_register_info` (`course_name`, `end`, `plate_number`, `start`, `teacher_name`) VALUES ('Course 59', '2024-05-15 00:00:00', '30A-70002', '2024-03-19 00:00:00', 'Vu Thi F');
INSERT INTO `vehicle_management`.`vehicle_register_info` (`course_name`, `end`, `plate_number`, `start`, `teacher_name`) VALUES ('Course 60', '2024-10-22 00:00:00', '30A-82649', '2024-09-13 00:00:00', 'Le Van C');
INSERT INTO `vehicle_management`.`vehicle_register_info` (`course_name`, `end`, `plate_number`, `start`, `teacher_name`) VALUES ('Course 61', '2025-07-07 00:00:00', '30A-93716', '2025-05-20 00:00:00', 'Tran Thi B');
INSERT INTO `vehicle_management`.`vehicle_register_info` (`course_name`, `end`, `plate_number`, `start`, `teacher_name`) VALUES ('Course 62', '2025-04-16 00:00:00', '30A-47422', '2025-03-05 00:00:00', 'Le Van C');
INSERT INTO `vehicle_management`.`vehicle_register_info` (`course_name`, `end`, `plate_number`, `start`, `teacher_name`) VALUES ('Course 63', '2024-12-02 00:00:00', '30A-63639', '2024-09-07 00:00:00', 'Nguyen Van A');
INSERT INTO `vehicle_management`.`vehicle_register_info` (`course_name`, `end`, `plate_number`, `start`, `teacher_name`) VALUES ('Course 64', '2024-09-15 00:00:00', '30A-19538', '2024-07-19 00:00:00', 'Le Van C');
INSERT INTO `vehicle_management`.`vehicle_register_info` (`course_name`, `end`, `plate_number`, `start`, `teacher_name`) VALUES ('Course 65', '2023-12-03 00:00:00', '30A-34929', '2023-10-07 00:00:00', 'Dang Thi J');
INSERT INTO `vehicle_management`.`vehicle_register_info` (`course_name`, `end`, `plate_number`, `start`, `teacher_name`) VALUES ('Course 66', '2024-04-08 00:00:00', '30A-90489', '2024-01-19 00:00:00', 'Dang Thi J');
INSERT INTO `vehicle_management`.`vehicle_register_info` (`course_name`, `end`, `plate_number`, `start`, `teacher_name`) VALUES ('Course 67', '2025-06-23 00:00:00', '30A-84296', '2025-04-19 00:00:00', 'Tran Thi B');
INSERT INTO `vehicle_management`.`vehicle_register_info` (`course_name`, `end`, `plate_number`, `start`, `teacher_name`) VALUES ('Course 68', '2024-07-10 00:00:00', '30A-29215', '2024-06-07 00:00:00', 'Dang Thi J');
INSERT INTO `vehicle_management`.`vehicle_register_info` (`course_name`, `end`, `plate_number`, `start`, `teacher_name`) VALUES ('Course 69', '2024-11-03 00:00:00', '30A-74071', '2024-10-03 00:00:00', 'Ngo Van I');
INSERT INTO `vehicle_management`.`vehicle_register_info` (`course_name`, `end`, `plate_number`, `start`, `teacher_name`) VALUES ('Course 70', '2025-10-14 00:00:00', '30A-39783', '2025-08-12 00:00:00', 'Ngo Van I');
INSERT INTO `vehicle_management`.`vehicle_register_info` (`course_name`, `end`, `plate_number`, `start`, `teacher_name`) VALUES ('Course 71', '2023-12-27 00:00:00', '30A-57702', '2023-10-11 00:00:00', 'Pham Thi D');
INSERT INTO `vehicle_management`.`vehicle_register_info` (`course_name`, `end`, `plate_number`, `start`, `teacher_name`) VALUES ('Course 72', '2024-01-03 00:00:00', '30A-54845', '2023-11-08 00:00:00', 'Vu Thi F');
INSERT INTO `vehicle_management`.`vehicle_register_info` (`course_name`, `end`, `plate_number`, `start`, `teacher_name`) VALUES ('Course 73', '2024-08-08 00:00:00', '30A-83917', '2024-05-17 00:00:00', 'Do Van G');
INSERT INTO `vehicle_management`.`vehicle_register_info` (`course_name`, `end`, `plate_number`, `start`, `teacher_name`) VALUES ('Course 74', '2023-11-29 00:00:00', '30A-58902', '2023-10-20 00:00:00', 'Dang Thi J');
INSERT INTO `vehicle_management`.`vehicle_register_info` (`course_name`, `end`, `plate_number`, `start`, `teacher_name`) VALUES ('Course 75', '2025-11-11 00:00:00', '30A-76943', '2025-09-20 00:00:00', 'Tran Thi B');
INSERT INTO `vehicle_management`.`vehicle_register_info` (`course_name`, `end`, `plate_number`, `start`, `teacher_name`) VALUES ('Course 76', '2024-02-24 00:00:00', '30A-50880', '2024-01-13 00:00:00', 'Bui Thi H');
INSERT INTO `vehicle_management`.`vehicle_register_info` (`course_name`, `end`, `plate_number`, `start`, `teacher_name`) VALUES ('Course 77', '2023-12-20 00:00:00', '30A-67519', '2023-10-07 00:00:00', 'Hoang Van E');
INSERT INTO `vehicle_management`.`vehicle_register_info` (`course_name`, `end`, `plate_number`, `start`, `teacher_name`) VALUES ('Course 78', '2024-01-05 00:00:00', '30A-50817', '2023-10-24 00:00:00', 'Nguyen Van A');
INSERT INTO `vehicle_management`.`vehicle_register_info` (`course_name`, `end`, `plate_number`, `start`, `teacher_name`) VALUES ('Course 79', '2023-07-10 00:00:00', '30A-57353', '2023-04-24 00:00:00', 'Dang Thi J');
INSERT INTO `vehicle_management`.`vehicle_register_info` (`course_name`, `end`, `plate_number`, `start`, `teacher_name`) VALUES ('Course 80', '2023-08-22 00:00:00', '30A-14809', '2023-07-15 00:00:00', 'Nguyen Van A');
INSERT INTO `vehicle_management`.`vehicle_register_info` (`course_name`, `end`, `plate_number`, `start`, `teacher_name`) VALUES ('Course 81', '2025-12-01 00:00:00', '30A-58397', '2025-10-08 00:00:00', 'Do Van G');
INSERT INTO `vehicle_management`.`vehicle_register_info` (`course_name`, `end`, `plate_number`, `start`, `teacher_name`) VALUES ('Course 82', '2025-08-23 00:00:00', '30A-28087', '2025-07-08 00:00:00', 'Do Van G');
INSERT INTO `vehicle_management`.`vehicle_register_info` (`course_name`, `end`, `plate_number`, `start`, `teacher_name`) VALUES ('Course 83', '2025-05-27 00:00:00', '30A-87603', '2025-03-22 00:00:00', 'Vu Thi F');
INSERT INTO `vehicle_management`.`vehicle_register_info` (`course_name`, `end`, `plate_number`, `start`, `teacher_name`) VALUES ('Course 84', '2026-01-09 00:00:00', '30A-16779', '2025-10-12 00:00:00', 'Dang Thi J');
INSERT INTO `vehicle_management`.`vehicle_register_info` (`course_name`, `end`, `plate_number`, `start`, `teacher_name`) VALUES ('Course 85', '2024-12-07 00:00:00', '30A-78747', '2024-09-17 00:00:00', 'Hoang Van E');
INSERT INTO `vehicle_management`.`vehicle_register_info` (`course_name`, `end`, `plate_number`, `start`, `teacher_name`) VALUES ('Course 86', '2023-04-19 00:00:00', '30A-14537', '2023-03-04 00:00:00', 'Bui Thi H');
INSERT INTO `vehicle_management`.`vehicle_register_info` (`course_name`, `end`, `plate_number`, `start`, `teacher_name`) VALUES ('Course 87', '2025-02-07 00:00:00', '30A-31958', '2024-12-12 00:00:00', 'Ngo Van I');
INSERT INTO `vehicle_management`.`vehicle_register_info` (`course_name`, `end`, `plate_number`, `start`, `teacher_name`) VALUES ('Course 88', '2023-05-26 00:00:00', '30A-64849', '2023-04-06 00:00:00', 'Dang Thi J');
INSERT INTO `vehicle_management`.`vehicle_register_info` (`course_name`, `end`, `plate_number`, `start`, `teacher_name`) VALUES ('Course 89', '2024-11-15 00:00:00', '30A-21128', '2024-09-11 00:00:00', 'Do Van G');
INSERT INTO `vehicle_management`.`vehicle_register_info` (`course_name`, `end`, `plate_number`, `start`, `teacher_name`) VALUES ('Course 90', '2025-01-25 00:00:00', '30A-20722', '2024-12-14 00:00:00', 'Bui Thi H');
INSERT INTO `vehicle_management`.`vehicle_register_info` (`course_name`, `end`, `plate_number`, `start`, `teacher_name`) VALUES ('Course 91', '2023-07-27 00:00:00', '30A-43854', '2023-05-23 00:00:00', 'Le Van C');
INSERT INTO `vehicle_management`.`vehicle_register_info` (`course_name`, `end`, `plate_number`, `start`, `teacher_name`) VALUES ('Course 92', '2024-12-07 00:00:00', '30A-46727', '2024-10-27 00:00:00', 'Nguyen Van A');
INSERT INTO `vehicle_management`.`vehicle_register_info` (`course_name`, `end`, `plate_number`, `start`, `teacher_name`) VALUES ('Course 93', '2025-07-08 00:00:00', '30A-49598', '2025-05-17 00:00:00', 'Nguyen Van A');
INSERT INTO `vehicle_management`.`vehicle_register_info` (`course_name`, `end`, `plate_number`, `start`, `teacher_name`) VALUES ('Course 94', '2025-03-30 00:00:00', '30A-20452', '2025-01-14 00:00:00', 'Ngo Van I');
INSERT INTO `vehicle_management`.`vehicle_register_info` (`course_name`, `end`, `plate_number`, `start`, `teacher_name`) VALUES ('Course 95', '2024-05-04 00:00:00', '30A-81853', '2024-02-29 00:00:00', 'Tran Thi B');
INSERT INTO `vehicle_management`.`vehicle_register_info` (`course_name`, `end`, `plate_number`, `start`, `teacher_name`) VALUES ('Course 96', '2023-03-19 00:00:00', '30A-92196', '2023-01-26 00:00:00', 'Vu Thi F');
INSERT INTO `vehicle_management`.`vehicle_register_info` (`course_name`, `end`, `plate_number`, `start`, `teacher_name`) VALUES ('Course 97', '2023-08-12 00:00:00', '30A-78297', '2023-07-09 00:00:00', 'Bui Thi H');
INSERT INTO `vehicle_management`.`vehicle_register_info` (`course_name`, `end`, `plate_number`, `start`, `teacher_name`) VALUES ('Course 98', '2024-09-25 00:00:00', '30A-48606', '2024-08-13 00:00:00', 'Ngo Van I');
INSERT INTO `vehicle_management`.`vehicle_register_info` (`course_name`, `end`, `plate_number`, `start`, `teacher_name`) VALUES ('Course 99', '2024-07-21 00:00:00', '30A-16766', '2024-06-18 00:00:00', 'Tran Thi B');
INSERT INTO `vehicle_management`.`vehicle_spec` (`back_rims_dimension`, `brand`, `front_rims_dimension`, `fuel_consumption_per100km`, `fuel_type`, `made_in`, `model_code`, `no_of_seat`, `tank_capacity`, `top_speed`, `type`) VALUES ('20 inch', 'Nissan', '17 inch', 14.43, 'Diesel', 'Vietnam', 'Model_0', 7, 68.43, 176.30, 'Sedan');
INSERT INTO `vehicle_management`.`vehicle_spec` (`back_rims_dimension`, `brand`, `front_rims_dimension`, `fuel_consumption_per100km`, `fuel_type`, `made_in`, `model_code`, `no_of_seat`, `tank_capacity`, `top_speed`, `type`) VALUES ('15 inch', 'Toyota', '19 inch', 7.25, 'Petrol', 'Vietnam', 'Model_1', 4, 45.35, 193.63, 'SUV');
INSERT INTO `vehicle_management`.`vehicle_spec` (`back_rims_dimension`, `brand`, `front_rims_dimension`, `fuel_consumption_per100km`, `fuel_type`, `made_in`, `model_code`, `no_of_seat`, `tank_capacity`, `top_speed`, `type`) VALUES ('15 inch', 'Honda', '19 inch', 9.08, 'Diesel', 'Vietnam', 'Model_2', 7, 42.85, 120.27, 'Sedan');
INSERT INTO `vehicle_management`.`vehicle_spec` (`back_rims_dimension`, `brand`, `front_rims_dimension`, `fuel_consumption_per100km`, `fuel_type`, `made_in`, `model_code`, `no_of_seat`, `tank_capacity`, `top_speed`, `type`) VALUES ('19 inch', 'Toyota', '18 inch', 13.17, 'Electric', 'Vietnam', 'Model_3', 6, 47.03, 163.54, 'Truck');
INSERT INTO `vehicle_management`.`vehicle_spec` (`back_rims_dimension`, `brand`, `front_rims_dimension`, `fuel_consumption_per100km`, `fuel_type`, `made_in`, `model_code`, `no_of_seat`, `tank_capacity`, `top_speed`, `type`) VALUES ('20 inch', 'Ford', '19 inch', 7.28, 'Diesel', 'Vietnam', 'Model_4', 7, 43.71, 171.02, 'SUV');
INSERT INTO `vehicle_management`.`vehicle_spec` (`back_rims_dimension`, `brand`, `front_rims_dimension`, `fuel_consumption_per100km`, `fuel_type`, `made_in`, `model_code`, `no_of_seat`, `tank_capacity`, `top_speed`, `type`) VALUES ('19 inch', 'Chevrolet', '16 inch', 6.98, 'Petrol', 'Vietnam', 'Model_5', 5, 68.50, 130.11, 'Sedan');
INSERT INTO `vehicle_management`.`vehicle_spec` (`back_rims_dimension`, `brand`, `front_rims_dimension`, `fuel_consumption_per100km`, `fuel_type`, `made_in`, `model_code`, `no_of_seat`, `tank_capacity`, `top_speed`, `type`) VALUES ('16 inch', 'Honda', '20 inch', 14.08, 'Diesel', 'Vietnam', 'Model_6', 6, 46.56, 170.30, 'Truck');
INSERT INTO `vehicle_management`.`vehicle_spec` (`back_rims_dimension`, `brand`, `front_rims_dimension`, `fuel_consumption_per100km`, `fuel_type`, `made_in`, `model_code`, `no_of_seat`, `tank_capacity`, `top_speed`, `type`) VALUES ('16 inch', 'Toyota', '15 inch', 7.05, 'Petrol', 'Vietnam', 'Model_7', 5, 46.77, 178.03, 'Truck');
INSERT INTO `vehicle_management`.`vehicle_spec` (`back_rims_dimension`, `brand`, `front_rims_dimension`, `fuel_consumption_per100km`, `fuel_type`, `made_in`, `model_code`, `no_of_seat`, `tank_capacity`, `top_speed`, `type`) VALUES ('15 inch', 'Nissan', '18 inch', 12.97, 'Electric', 'Vietnam', 'Model_8', 7, 45.84, 147.68, 'Sedan');
INSERT INTO `vehicle_management`.`vehicle_spec` (`back_rims_dimension`, `brand`, `front_rims_dimension`, `fuel_consumption_per100km`, `fuel_type`, `made_in`, `model_code`, `no_of_seat`, `tank_capacity`, `top_speed`, `type`) VALUES ('16 inch', 'Nissan', '19 inch', 13.22, 'Diesel', 'Vietnam', 'Model_9', 5, 48.85, 139.36, 'Truck');
INSERT INTO `vehicle_management`.`vehicle_spec` (`back_rims_dimension`, `brand`, `front_rims_dimension`, `fuel_consumption_per100km`, `fuel_type`, `made_in`, `model_code`, `no_of_seat`, `tank_capacity`, `top_speed`, `type`) VALUES ('15 inch', 'Nissan', '16 inch', 5.76, 'Diesel', 'Vietnam', 'Model_10', 4, 59.27, 167.76, 'SUV');
INSERT INTO `vehicle_management`.`vehicle_spec` (`back_rims_dimension`, `brand`, `front_rims_dimension`, `fuel_consumption_per100km`, `fuel_type`, `made_in`, `model_code`, `no_of_seat`, `tank_capacity`, `top_speed`, `type`) VALUES ('15 inch', 'Toyota', '16 inch', 11.48, 'Petrol', 'Vietnam', 'Model_11', 5, 54.14, 144.43, 'Sedan');
INSERT INTO `vehicle_management`.`vehicle_spec` (`back_rims_dimension`, `brand`, `front_rims_dimension`, `fuel_consumption_per100km`, `fuel_type`, `made_in`, `model_code`, `no_of_seat`, `tank_capacity`, `top_speed`, `type`) VALUES ('16 inch', 'Chevrolet', '16 inch', 8.82, 'Petrol', 'Vietnam', 'Model_12', 7, 42.68, 196.90, 'Truck');
INSERT INTO `vehicle_management`.`vehicle_spec` (`back_rims_dimension`, `brand`, `front_rims_dimension`, `fuel_consumption_per100km`, `fuel_type`, `made_in`, `model_code`, `no_of_seat`, `tank_capacity`, `top_speed`, `type`) VALUES ('16 inch', 'Honda', '20 inch', 13.53, 'Electric', 'Vietnam', 'Model_13', 6, 60.19, 181.78, 'SUV');
INSERT INTO `vehicle_management`.`vehicle_spec` (`back_rims_dimension`, `brand`, `front_rims_dimension`, `fuel_consumption_per100km`, `fuel_type`, `made_in`, `model_code`, `no_of_seat`, `tank_capacity`, `top_speed`, `type`) VALUES ('17 inch', 'Ford', '20 inch', 11.80, 'Electric', 'Vietnam', 'Model_14', 7, 49.05, 140.24, 'SUV');
INSERT INTO `vehicle_management`.`vehicle_spec` (`back_rims_dimension`, `brand`, `front_rims_dimension`, `fuel_consumption_per100km`, `fuel_type`, `made_in`, `model_code`, `no_of_seat`, `tank_capacity`, `top_speed`, `type`) VALUES ('18 inch', 'Nissan', '20 inch', 7.61, 'Diesel', 'Vietnam', 'Model_15', 4, 57.15, 152.54, 'Sedan');
INSERT INTO `vehicle_management`.`vehicle_spec` (`back_rims_dimension`, `brand`, `front_rims_dimension`, `fuel_consumption_per100km`, `fuel_type`, `made_in`, `model_code`, `no_of_seat`, `tank_capacity`, `top_speed`, `type`) VALUES ('17 inch', 'Chevrolet', '18 inch', 13.97, 'Diesel', 'Vietnam', 'Model_16', 6, 42.78, 168.38, 'Sedan');
INSERT INTO `vehicle_management`.`vehicle_spec` (`back_rims_dimension`, `brand`, `front_rims_dimension`, `fuel_consumption_per100km`, `fuel_type`, `made_in`, `model_code`, `no_of_seat`, `tank_capacity`, `top_speed`, `type`) VALUES ('16 inch', 'Chevrolet', '18 inch', 8.30, 'Petrol', 'Vietnam', 'Model_17', 6, 54.57, 147.18, 'Truck');
INSERT INTO `vehicle_management`.`vehicle_spec` (`back_rims_dimension`, `brand`, `front_rims_dimension`, `fuel_consumption_per100km`, `fuel_type`, `made_in`, `model_code`, `no_of_seat`, `tank_capacity`, `top_speed`, `type`) VALUES ('20 inch', 'Honda', '16 inch', 9.79, 'Petrol', 'Vietnam', 'Model_18', 5, 41.01, 154.64, 'Sedan');
INSERT INTO `vehicle_management`.`vehicle_spec` (`back_rims_dimension`, `brand`, `front_rims_dimension`, `fuel_consumption_per100km`, `fuel_type`, `made_in`, `model_code`, `no_of_seat`, `tank_capacity`, `top_speed`, `type`) VALUES ('19 inch', 'Honda', '19 inch', 6.53, 'Diesel', 'Vietnam', 'Model_19', 4, 44.50, 180.30, 'Sedan');
INSERT INTO `vehicle_management`.`vehicle_spec` (`back_rims_dimension`, `brand`, `front_rims_dimension`, `fuel_consumption_per100km`, `fuel_type`, `made_in`, `model_code`, `no_of_seat`, `tank_capacity`, `top_speed`, `type`) VALUES ('20 inch', 'Honda', '16 inch', 11.27, 'Diesel', 'Vietnam', 'Model_20', 6, 42.21, 166.60, 'Truck');
INSERT INTO `vehicle_management`.`vehicle_spec` (`back_rims_dimension`, `brand`, `front_rims_dimension`, `fuel_consumption_per100km`, `fuel_type`, `made_in`, `model_code`, `no_of_seat`, `tank_capacity`, `top_speed`, `type`) VALUES ('18 inch', 'Toyota', '15 inch', 5.54, 'Petrol', 'Vietnam', 'Model_21', 5, 43.23, 140.73, 'Truck');
INSERT INTO `vehicle_management`.`vehicle_spec` (`back_rims_dimension`, `brand`, `front_rims_dimension`, `fuel_consumption_per100km`, `fuel_type`, `made_in`, `model_code`, `no_of_seat`, `tank_capacity`, `top_speed`, `type`) VALUES ('17 inch', 'Toyota', '18 inch', 14.73, 'Petrol', 'Vietnam', 'Model_22', 6, 57.86, 163.13, 'Truck');
INSERT INTO `vehicle_management`.`vehicle_spec` (`back_rims_dimension`, `brand`, `front_rims_dimension`, `fuel_consumption_per100km`, `fuel_type`, `made_in`, `model_code`, `no_of_seat`, `tank_capacity`, `top_speed`, `type`) VALUES ('15 inch', 'Toyota', '20 inch', 5.06, 'Petrol', 'Vietnam', 'Model_23', 6, 64.63, 147.27, 'Truck');
INSERT INTO `vehicle_management`.`vehicle_spec` (`back_rims_dimension`, `brand`, `front_rims_dimension`, `fuel_consumption_per100km`, `fuel_type`, `made_in`, `model_code`, `no_of_seat`, `tank_capacity`, `top_speed`, `type`) VALUES ('20 inch', 'Honda', '18 inch', 6.82, 'Petrol', 'Vietnam', 'Model_24', 6, 60.39, 184.51, 'Truck');
INSERT INTO `vehicle_management`.`vehicle_spec` (`back_rims_dimension`, `brand`, `front_rims_dimension`, `fuel_consumption_per100km`, `fuel_type`, `made_in`, `model_code`, `no_of_seat`, `tank_capacity`, `top_speed`, `type`) VALUES ('20 inch', 'Chevrolet', '20 inch', 9.35, 'Petrol', 'Vietnam', 'Model_25', 6, 53.82, 138.68, 'Sedan');
INSERT INTO `vehicle_management`.`vehicle_spec` (`back_rims_dimension`, `brand`, `front_rims_dimension`, `fuel_consumption_per100km`, `fuel_type`, `made_in`, `model_code`, `no_of_seat`, `tank_capacity`, `top_speed`, `type`) VALUES ('15 inch', 'Ford', '15 inch', 11.95, 'Petrol', 'Vietnam', 'Model_26', 7, 67.23, 170.51, 'Truck');
INSERT INTO `vehicle_management`.`vehicle_spec` (`back_rims_dimension`, `brand`, `front_rims_dimension`, `fuel_consumption_per100km`, `fuel_type`, `made_in`, `model_code`, `no_of_seat`, `tank_capacity`, `top_speed`, `type`) VALUES ('16 inch', 'Ford', '18 inch', 13.78, 'Electric', 'Vietnam', 'Model_27', 5, 50.45, 188.12, 'SUV');
INSERT INTO `vehicle_management`.`vehicle_spec` (`back_rims_dimension`, `brand`, `front_rims_dimension`, `fuel_consumption_per100km`, `fuel_type`, `made_in`, `model_code`, `no_of_seat`, `tank_capacity`, `top_speed`, `type`) VALUES ('17 inch', 'Ford', '18 inch', 6.06, 'Petrol', 'Vietnam', 'Model_28', 4, 58.69, 198.33, 'SUV');
INSERT INTO `vehicle_management`.`vehicle_spec` (`back_rims_dimension`, `brand`, `front_rims_dimension`, `fuel_consumption_per100km`, `fuel_type`, `made_in`, `model_code`, `no_of_seat`, `tank_capacity`, `top_speed`, `type`) VALUES ('16 inch', 'Nissan', '15 inch', 5.15, 'Petrol', 'Vietnam', 'Model_29', 5, 50.64, 140.18, 'Sedan');
INSERT INTO `vehicle_management`.`vehicle_spec` (`back_rims_dimension`, `brand`, `front_rims_dimension`, `fuel_consumption_per100km`, `fuel_type`, `made_in`, `model_code`, `no_of_seat`, `tank_capacity`, `top_speed`, `type`) VALUES ('17 inch', 'Nissan', '17 inch', 10.34, 'Electric', 'Vietnam', 'Model_30', 6, 62.03, 196.10, 'SUV');
INSERT INTO `vehicle_management`.`vehicle_spec` (`back_rims_dimension`, `brand`, `front_rims_dimension`, `fuel_consumption_per100km`, `fuel_type`, `made_in`, `model_code`, `no_of_seat`, `tank_capacity`, `top_speed`, `type`) VALUES ('20 inch', 'Chevrolet', '17 inch', 5.90, 'Petrol', 'Vietnam', 'Model_31', 4, 57.10, 126.35, 'Truck');
INSERT INTO `vehicle_management`.`vehicle_spec` (`back_rims_dimension`, `brand`, `front_rims_dimension`, `fuel_consumption_per100km`, `fuel_type`, `made_in`, `model_code`, `no_of_seat`, `tank_capacity`, `top_speed`, `type`) VALUES ('19 inch', 'Nissan', '19 inch', 13.59, 'Petrol', 'Vietnam', 'Model_32', 6, 61.92, 155.40, 'SUV');
INSERT INTO `vehicle_management`.`vehicle_spec` (`back_rims_dimension`, `brand`, `front_rims_dimension`, `fuel_consumption_per100km`, `fuel_type`, `made_in`, `model_code`, `no_of_seat`, `tank_capacity`, `top_speed`, `type`) VALUES ('15 inch', 'Nissan', '16 inch', 9.09, 'Electric', 'Vietnam', 'Model_33', 6, 43.75, 199.92, 'Sedan');
INSERT INTO `vehicle_management`.`vehicle_spec` (`back_rims_dimension`, `brand`, `front_rims_dimension`, `fuel_consumption_per100km`, `fuel_type`, `made_in`, `model_code`, `no_of_seat`, `tank_capacity`, `top_speed`, `type`) VALUES ('20 inch', 'Ford', '20 inch', 7.56, 'Petrol', 'Vietnam', 'Model_34', 4, 44.03, 139.00, 'Truck');
INSERT INTO `vehicle_management`.`vehicle_spec` (`back_rims_dimension`, `brand`, `front_rims_dimension`, `fuel_consumption_per100km`, `fuel_type`, `made_in`, `model_code`, `no_of_seat`, `tank_capacity`, `top_speed`, `type`) VALUES ('16 inch', 'Chevrolet', '15 inch', 12.70, 'Diesel', 'Vietnam', 'Model_35', 7, 54.30, 141.83, 'SUV');
INSERT INTO `vehicle_management`.`vehicle_spec` (`back_rims_dimension`, `brand`, `front_rims_dimension`, `fuel_consumption_per100km`, `fuel_type`, `made_in`, `model_code`, `no_of_seat`, `tank_capacity`, `top_speed`, `type`) VALUES ('16 inch', 'Chevrolet', '17 inch', 11.55, 'Electric', 'Vietnam', 'Model_36', 4, 56.40, 198.68, 'SUV');
INSERT INTO `vehicle_management`.`vehicle_spec` (`back_rims_dimension`, `brand`, `front_rims_dimension`, `fuel_consumption_per100km`, `fuel_type`, `made_in`, `model_code`, `no_of_seat`, `tank_capacity`, `top_speed`, `type`) VALUES ('18 inch', 'Chevrolet', '19 inch', 7.60, 'Petrol', 'Vietnam', 'Model_37', 5, 68.41, 189.69, 'Sedan');
INSERT INTO `vehicle_management`.`vehicle_spec` (`back_rims_dimension`, `brand`, `front_rims_dimension`, `fuel_consumption_per100km`, `fuel_type`, `made_in`, `model_code`, `no_of_seat`, `tank_capacity`, `top_speed`, `type`) VALUES ('20 inch', 'Nissan', '20 inch', 8.75, 'Petrol', 'Vietnam', 'Model_38', 7, 57.69, 180.06, 'Truck');
INSERT INTO `vehicle_management`.`vehicle_spec` (`back_rims_dimension`, `brand`, `front_rims_dimension`, `fuel_consumption_per100km`, `fuel_type`, `made_in`, `model_code`, `no_of_seat`, `tank_capacity`, `top_speed`, `type`) VALUES ('18 inch', 'Ford', '17 inch', 13.70, 'Diesel', 'Vietnam', 'Model_39', 6, 66.19, 149.77, 'Truck');
INSERT INTO `vehicle_management`.`vehicle_spec` (`back_rims_dimension`, `brand`, `front_rims_dimension`, `fuel_consumption_per100km`, `fuel_type`, `made_in`, `model_code`, `no_of_seat`, `tank_capacity`, `top_speed`, `type`) VALUES ('19 inch', 'Honda', '19 inch', 12.86, 'Petrol', 'Vietnam', 'Model_40', 7, 40.24, 165.76, 'Sedan');
INSERT INTO `vehicle_management`.`vehicle_spec` (`back_rims_dimension`, `brand`, `front_rims_dimension`, `fuel_consumption_per100km`, `fuel_type`, `made_in`, `model_code`, `no_of_seat`, `tank_capacity`, `top_speed`, `type`) VALUES ('17 inch', 'Honda', '20 inch', 12.32, 'Electric', 'Vietnam', 'Model_41', 4, 51.10, 131.84, 'SUV');
INSERT INTO `vehicle_management`.`vehicle_spec` (`back_rims_dimension`, `brand`, `front_rims_dimension`, `fuel_consumption_per100km`, `fuel_type`, `made_in`, `model_code`, `no_of_seat`, `tank_capacity`, `top_speed`, `type`) VALUES ('18 inch', 'Ford', '20 inch', 5.52, 'Electric', 'Vietnam', 'Model_42', 5, 42.81, 186.60, 'SUV');
INSERT INTO `vehicle_management`.`vehicle_spec` (`back_rims_dimension`, `brand`, `front_rims_dimension`, `fuel_consumption_per100km`, `fuel_type`, `made_in`, `model_code`, `no_of_seat`, `tank_capacity`, `top_speed`, `type`) VALUES ('18 inch', 'Honda', '16 inch', 7.74, 'Diesel', 'Vietnam', 'Model_43', 4, 67.38, 163.98, 'Truck');
INSERT INTO `vehicle_management`.`vehicle_spec` (`back_rims_dimension`, `brand`, `front_rims_dimension`, `fuel_consumption_per100km`, `fuel_type`, `made_in`, `model_code`, `no_of_seat`, `tank_capacity`, `top_speed`, `type`) VALUES ('18 inch', 'Toyota', '17 inch', 10.49, 'Electric', 'Vietnam', 'Model_44', 7, 60.59, 195.65, 'Truck');
INSERT INTO `vehicle_management`.`vehicle_spec` (`back_rims_dimension`, `brand`, `front_rims_dimension`, `fuel_consumption_per100km`, `fuel_type`, `made_in`, `model_code`, `no_of_seat`, `tank_capacity`, `top_speed`, `type`) VALUES ('18 inch', 'Chevrolet', '16 inch', 11.01, 'Electric', 'Vietnam', 'Model_45', 5, 41.51, 193.62, 'SUV');
INSERT INTO `vehicle_management`.`vehicle_spec` (`back_rims_dimension`, `brand`, `front_rims_dimension`, `fuel_consumption_per100km`, `fuel_type`, `made_in`, `model_code`, `no_of_seat`, `tank_capacity`, `top_speed`, `type`) VALUES ('15 inch', 'Toyota', '19 inch', 9.00, 'Petrol', 'Vietnam', 'Model_46', 4, 58.17, 153.13, 'SUV');
INSERT INTO `vehicle_management`.`vehicle_spec` (`back_rims_dimension`, `brand`, `front_rims_dimension`, `fuel_consumption_per100km`, `fuel_type`, `made_in`, `model_code`, `no_of_seat`, `tank_capacity`, `top_speed`, `type`) VALUES ('17 inch', 'Ford', '15 inch', 5.84, 'Petrol', 'Vietnam', 'Model_47', 6, 61.39, 187.74, 'Sedan');
INSERT INTO `vehicle_management`.`vehicle_spec` (`back_rims_dimension`, `brand`, `front_rims_dimension`, `fuel_consumption_per100km`, `fuel_type`, `made_in`, `model_code`, `no_of_seat`, `tank_capacity`, `top_speed`, `type`) VALUES ('17 inch', 'Chevrolet', '18 inch', 12.09, 'Diesel', 'Vietnam', 'Model_48', 6, 42.94, 166.97, 'Truck');
INSERT INTO `vehicle_management`.`vehicle_spec` (`back_rims_dimension`, `brand`, `front_rims_dimension`, `fuel_consumption_per100km`, `fuel_type`, `made_in`, `model_code`, `no_of_seat`, `tank_capacity`, `top_speed`, `type`) VALUES ('20 inch', 'Ford', '19 inch', 8.94, 'Diesel', 'Vietnam', 'Model_49', 7, 54.62, 153.49, 'Truck');
INSERT INTO `vehicle_management`.`vehicle_spec` (`back_rims_dimension`, `brand`, `front_rims_dimension`, `fuel_consumption_per100km`, `fuel_type`, `made_in`, `model_code`, `no_of_seat`, `tank_capacity`, `top_speed`, `type`) VALUES ('15 inch', 'Nissan', '17 inch', 13.71, 'Electric', 'Vietnam', 'Model_50', 7, 52.63, 128.62, 'SUV');
INSERT INTO `vehicle_management`.`vehicle_spec` (`back_rims_dimension`, `brand`, `front_rims_dimension`, `fuel_consumption_per100km`, `fuel_type`, `made_in`, `model_code`, `no_of_seat`, `tank_capacity`, `top_speed`, `type`) VALUES ('17 inch', 'Nissan', '17 inch', 10.85, 'Diesel', 'Vietnam', 'Model_51', 5, 47.19, 121.38, 'Sedan');
INSERT INTO `vehicle_management`.`vehicle_spec` (`back_rims_dimension`, `brand`, `front_rims_dimension`, `fuel_consumption_per100km`, `fuel_type`, `made_in`, `model_code`, `no_of_seat`, `tank_capacity`, `top_speed`, `type`) VALUES ('19 inch', 'Chevrolet', '20 inch', 10.77, 'Diesel', 'Vietnam', 'Model_52', 5, 52.52, 152.90, 'Sedan');
INSERT INTO `vehicle_management`.`vehicle_spec` (`back_rims_dimension`, `brand`, `front_rims_dimension`, `fuel_consumption_per100km`, `fuel_type`, `made_in`, `model_code`, `no_of_seat`, `tank_capacity`, `top_speed`, `type`) VALUES ('15 inch', 'Honda', '19 inch', 6.19, 'Petrol', 'Vietnam', 'Model_53', 5, 58.58, 143.32, 'SUV');
INSERT INTO `vehicle_management`.`vehicle_spec` (`back_rims_dimension`, `brand`, `front_rims_dimension`, `fuel_consumption_per100km`, `fuel_type`, `made_in`, `model_code`, `no_of_seat`, `tank_capacity`, `top_speed`, `type`) VALUES ('15 inch', 'Toyota', '20 inch', 7.01, 'Electric', 'Vietnam', 'Model_54', 7, 65.56, 126.76, 'Truck');
INSERT INTO `vehicle_management`.`vehicle_spec` (`back_rims_dimension`, `brand`, `front_rims_dimension`, `fuel_consumption_per100km`, `fuel_type`, `made_in`, `model_code`, `no_of_seat`, `tank_capacity`, `top_speed`, `type`) VALUES ('17 inch', 'Ford', '20 inch', 5.84, 'Electric', 'Vietnam', 'Model_55', 6, 60.66, 161.89, 'Sedan');
INSERT INTO `vehicle_management`.`vehicle_spec` (`back_rims_dimension`, `brand`, `front_rims_dimension`, `fuel_consumption_per100km`, `fuel_type`, `made_in`, `model_code`, `no_of_seat`, `tank_capacity`, `top_speed`, `type`) VALUES ('19 inch', 'Chevrolet', '20 inch', 13.34, 'Electric', 'Vietnam', 'Model_56', 6, 47.37, 157.34, 'Truck');
INSERT INTO `vehicle_management`.`vehicle_spec` (`back_rims_dimension`, `brand`, `front_rims_dimension`, `fuel_consumption_per100km`, `fuel_type`, `made_in`, `model_code`, `no_of_seat`, `tank_capacity`, `top_speed`, `type`) VALUES ('20 inch', 'Chevrolet', '18 inch', 14.70, 'Petrol', 'Vietnam', 'Model_57', 5, 59.34, 138.83, 'Sedan');
INSERT INTO `vehicle_management`.`vehicle_spec` (`back_rims_dimension`, `brand`, `front_rims_dimension`, `fuel_consumption_per100km`, `fuel_type`, `made_in`, `model_code`, `no_of_seat`, `tank_capacity`, `top_speed`, `type`) VALUES ('20 inch', 'Chevrolet', '15 inch', 8.88, 'Diesel', 'Vietnam', 'Model_58', 5, 41.22, 121.29, 'Truck');
INSERT INTO `vehicle_management`.`vehicle_spec` (`back_rims_dimension`, `brand`, `front_rims_dimension`, `fuel_consumption_per100km`, `fuel_type`, `made_in`, `model_code`, `no_of_seat`, `tank_capacity`, `top_speed`, `type`) VALUES ('20 inch', 'Honda', '19 inch', 5.88, 'Petrol', 'Vietnam', 'Model_59', 4, 62.57, 157.94, 'SUV');
INSERT INTO `vehicle_management`.`vehicle_spec` (`back_rims_dimension`, `brand`, `front_rims_dimension`, `fuel_consumption_per100km`, `fuel_type`, `made_in`, `model_code`, `no_of_seat`, `tank_capacity`, `top_speed`, `type`) VALUES ('15 inch', 'Nissan', '18 inch', 11.00, 'Petrol', 'Vietnam', 'Model_60', 7, 67.71, 144.23, 'SUV');
INSERT INTO `vehicle_management`.`vehicle_spec` (`back_rims_dimension`, `brand`, `front_rims_dimension`, `fuel_consumption_per100km`, `fuel_type`, `made_in`, `model_code`, `no_of_seat`, `tank_capacity`, `top_speed`, `type`) VALUES ('19 inch', 'Toyota', '16 inch', 14.25, 'Petrol', 'Vietnam', 'Model_61', 7, 51.55, 126.59, 'Sedan');
INSERT INTO `vehicle_management`.`vehicle_spec` (`back_rims_dimension`, `brand`, `front_rims_dimension`, `fuel_consumption_per100km`, `fuel_type`, `made_in`, `model_code`, `no_of_seat`, `tank_capacity`, `top_speed`, `type`) VALUES ('19 inch', 'Toyota', '16 inch', 12.97, 'Electric', 'Vietnam', 'Model_62', 4, 40.68, 156.71, 'Sedan');
INSERT INTO `vehicle_management`.`vehicle_spec` (`back_rims_dimension`, `brand`, `front_rims_dimension`, `fuel_consumption_per100km`, `fuel_type`, `made_in`, `model_code`, `no_of_seat`, `tank_capacity`, `top_speed`, `type`) VALUES ('15 inch', 'Toyota', '17 inch', 13.24, 'Electric', 'Vietnam', 'Model_63', 7, 61.51, 131.32, 'SUV');
INSERT INTO `vehicle_management`.`vehicle_spec` (`back_rims_dimension`, `brand`, `front_rims_dimension`, `fuel_consumption_per100km`, `fuel_type`, `made_in`, `model_code`, `no_of_seat`, `tank_capacity`, `top_speed`, `type`) VALUES ('19 inch', 'Nissan', '17 inch', 10.95, 'Electric', 'Vietnam', 'Model_64', 5, 46.78, 168.26, 'Sedan');
INSERT INTO `vehicle_management`.`vehicle_spec` (`back_rims_dimension`, `brand`, `front_rims_dimension`, `fuel_consumption_per100km`, `fuel_type`, `made_in`, `model_code`, `no_of_seat`, `tank_capacity`, `top_speed`, `type`) VALUES ('15 inch', 'Honda', '15 inch', 9.10, 'Diesel', 'Vietnam', 'Model_65', 4, 56.52, 183.57, 'SUV');
INSERT INTO `vehicle_management`.`vehicle_spec` (`back_rims_dimension`, `brand`, `front_rims_dimension`, `fuel_consumption_per100km`, `fuel_type`, `made_in`, `model_code`, `no_of_seat`, `tank_capacity`, `top_speed`, `type`) VALUES ('19 inch', 'Chevrolet', '18 inch', 12.52, 'Diesel', 'Vietnam', 'Model_66', 4, 65.12, 139.88, 'SUV');
INSERT INTO `vehicle_management`.`vehicle_spec` (`back_rims_dimension`, `brand`, `front_rims_dimension`, `fuel_consumption_per100km`, `fuel_type`, `made_in`, `model_code`, `no_of_seat`, `tank_capacity`, `top_speed`, `type`) VALUES ('20 inch', 'Toyota', '17 inch', 8.17, 'Electric', 'Vietnam', 'Model_67', 5, 60.23, 195.48, 'SUV');
INSERT INTO `vehicle_management`.`vehicle_spec` (`back_rims_dimension`, `brand`, `front_rims_dimension`, `fuel_consumption_per100km`, `fuel_type`, `made_in`, `model_code`, `no_of_seat`, `tank_capacity`, `top_speed`, `type`) VALUES ('18 inch', 'Chevrolet', '15 inch', 5.61, 'Petrol', 'Vietnam', 'Model_68', 7, 66.75, 185.66, 'Truck');
INSERT INTO `vehicle_management`.`vehicle_spec` (`back_rims_dimension`, `brand`, `front_rims_dimension`, `fuel_consumption_per100km`, `fuel_type`, `made_in`, `model_code`, `no_of_seat`, `tank_capacity`, `top_speed`, `type`) VALUES ('19 inch', 'Toyota', '17 inch', 13.93, 'Diesel', 'Vietnam', 'Model_69', 4, 65.15, 198.68, 'SUV');
INSERT INTO `vehicle_management`.`vehicle_spec` (`back_rims_dimension`, `brand`, `front_rims_dimension`, `fuel_consumption_per100km`, `fuel_type`, `made_in`, `model_code`, `no_of_seat`, `tank_capacity`, `top_speed`, `type`) VALUES ('17 inch', 'Chevrolet', '15 inch', 13.89, 'Electric', 'Vietnam', 'Model_70', 7, 60.14, 176.38, 'Sedan');
INSERT INTO `vehicle_management`.`vehicle_spec` (`back_rims_dimension`, `brand`, `front_rims_dimension`, `fuel_consumption_per100km`, `fuel_type`, `made_in`, `model_code`, `no_of_seat`, `tank_capacity`, `top_speed`, `type`) VALUES ('15 inch', 'Nissan', '19 inch', 9.47, 'Diesel', 'Vietnam', 'Model_71', 5, 57.53, 188.12, 'Sedan');
INSERT INTO `vehicle_management`.`vehicle_spec` (`back_rims_dimension`, `brand`, `front_rims_dimension`, `fuel_consumption_per100km`, `fuel_type`, `made_in`, `model_code`, `no_of_seat`, `tank_capacity`, `top_speed`, `type`) VALUES ('15 inch', 'Ford', '15 inch', 14.51, 'Diesel', 'Vietnam', 'Model_72', 7, 51.46, 161.30, 'Truck');
INSERT INTO `vehicle_management`.`vehicle_spec` (`back_rims_dimension`, `brand`, `front_rims_dimension`, `fuel_consumption_per100km`, `fuel_type`, `made_in`, `model_code`, `no_of_seat`, `tank_capacity`, `top_speed`, `type`) VALUES ('16 inch', 'Toyota', '20 inch', 10.23, 'Electric', 'Vietnam', 'Model_73', 7, 58.51, 136.44, 'Truck');
INSERT INTO `vehicle_management`.`vehicle_spec` (`back_rims_dimension`, `brand`, `front_rims_dimension`, `fuel_consumption_per100km`, `fuel_type`, `made_in`, `model_code`, `no_of_seat`, `tank_capacity`, `top_speed`, `type`) VALUES ('20 inch', 'Chevrolet', '20 inch', 11.62, 'Diesel', 'Vietnam', 'Model_74', 6, 52.17, 175.24, 'SUV');
INSERT INTO `vehicle_management`.`vehicle_spec` (`back_rims_dimension`, `brand`, `front_rims_dimension`, `fuel_consumption_per100km`, `fuel_type`, `made_in`, `model_code`, `no_of_seat`, `tank_capacity`, `top_speed`, `type`) VALUES ('20 inch', 'Honda', '15 inch', 8.44, 'Petrol', 'Vietnam', 'Model_75', 5, 41.95, 174.12, 'Sedan');
INSERT INTO `vehicle_management`.`vehicle_spec` (`back_rims_dimension`, `brand`, `front_rims_dimension`, `fuel_consumption_per100km`, `fuel_type`, `made_in`, `model_code`, `no_of_seat`, `tank_capacity`, `top_speed`, `type`) VALUES ('15 inch', 'Nissan', '16 inch', 7.50, 'Electric', 'Vietnam', 'Model_76', 5, 57.23, 191.58, 'Sedan');
INSERT INTO `vehicle_management`.`vehicle_spec` (`back_rims_dimension`, `brand`, `front_rims_dimension`, `fuel_consumption_per100km`, `fuel_type`, `made_in`, `model_code`, `no_of_seat`, `tank_capacity`, `top_speed`, `type`) VALUES ('20 inch', 'Toyota', '15 inch', 9.83, 'Diesel', 'Vietnam', 'Model_77', 6, 59.77, 161.49, 'Truck');
INSERT INTO `vehicle_management`.`vehicle_spec` (`back_rims_dimension`, `brand`, `front_rims_dimension`, `fuel_consumption_per100km`, `fuel_type`, `made_in`, `model_code`, `no_of_seat`, `tank_capacity`, `top_speed`, `type`) VALUES ('18 inch', 'Chevrolet', '16 inch', 10.55, 'Diesel', 'Vietnam', 'Model_78', 5, 60.84, 150.31, 'Sedan');
INSERT INTO `vehicle_management`.`vehicle_spec` (`back_rims_dimension`, `brand`, `front_rims_dimension`, `fuel_consumption_per100km`, `fuel_type`, `made_in`, `model_code`, `no_of_seat`, `tank_capacity`, `top_speed`, `type`) VALUES ('20 inch', 'Toyota', '16 inch', 11.10, 'Electric', 'Vietnam', 'Model_79', 5, 53.03, 180.95, 'Truck');
INSERT INTO `vehicle_management`.`vehicle_spec` (`back_rims_dimension`, `brand`, `front_rims_dimension`, `fuel_consumption_per100km`, `fuel_type`, `made_in`, `model_code`, `no_of_seat`, `tank_capacity`, `top_speed`, `type`) VALUES ('15 inch', 'Chevrolet', '19 inch', 7.79, 'Diesel', 'Vietnam', 'Model_80', 4, 56.11, 190.18, 'Truck');
INSERT INTO `vehicle_management`.`vehicle_spec` (`back_rims_dimension`, `brand`, `front_rims_dimension`, `fuel_consumption_per100km`, `fuel_type`, `made_in`, `model_code`, `no_of_seat`, `tank_capacity`, `top_speed`, `type`) VALUES ('16 inch', 'Ford', '20 inch', 12.21, 'Petrol', 'Vietnam', 'Model_81', 7, 49.11, 121.24, 'Sedan');
INSERT INTO `vehicle_management`.`vehicle_spec` (`back_rims_dimension`, `brand`, `front_rims_dimension`, `fuel_consumption_per100km`, `fuel_type`, `made_in`, `model_code`, `no_of_seat`, `tank_capacity`, `top_speed`, `type`) VALUES ('17 inch', 'Ford', '15 inch', 9.74, 'Petrol', 'Vietnam', 'Model_82', 4, 69.78, 181.95, 'SUV');
INSERT INTO `vehicle_management`.`vehicle_spec` (`back_rims_dimension`, `brand`, `front_rims_dimension`, `fuel_consumption_per100km`, `fuel_type`, `made_in`, `model_code`, `no_of_seat`, `tank_capacity`, `top_speed`, `type`) VALUES ('18 inch', 'Ford', '19 inch', 13.75, 'Petrol', 'Vietnam', 'Model_83', 7, 45.04, 142.22, 'SUV');
INSERT INTO `vehicle_management`.`vehicle_spec` (`back_rims_dimension`, `brand`, `front_rims_dimension`, `fuel_consumption_per100km`, `fuel_type`, `made_in`, `model_code`, `no_of_seat`, `tank_capacity`, `top_speed`, `type`) VALUES ('20 inch', 'Nissan', '15 inch', 8.53, 'Diesel', 'Vietnam', 'Model_84', 4, 44.83, 188.38, 'Truck');
INSERT INTO `vehicle_management`.`vehicle_spec` (`back_rims_dimension`, `brand`, `front_rims_dimension`, `fuel_consumption_per100km`, `fuel_type`, `made_in`, `model_code`, `no_of_seat`, `tank_capacity`, `top_speed`, `type`) VALUES ('18 inch', 'Ford', '17 inch', 7.99, 'Diesel', 'Vietnam', 'Model_85', 7, 62.65, 194.31, 'Sedan');
INSERT INTO `vehicle_management`.`vehicle_spec` (`back_rims_dimension`, `brand`, `front_rims_dimension`, `fuel_consumption_per100km`, `fuel_type`, `made_in`, `model_code`, `no_of_seat`, `tank_capacity`, `top_speed`, `type`) VALUES ('18 inch', 'Ford', '18 inch', 7.34, 'Diesel', 'Vietnam', 'Model_86', 6, 58.68, 169.91, 'Truck');
INSERT INTO `vehicle_management`.`vehicle_spec` (`back_rims_dimension`, `brand`, `front_rims_dimension`, `fuel_consumption_per100km`, `fuel_type`, `made_in`, `model_code`, `no_of_seat`, `tank_capacity`, `top_speed`, `type`) VALUES ('18 inch', 'Ford', '16 inch', 5.44, 'Electric', 'Vietnam', 'Model_87', 6, 65.57, 176.55, 'Truck');
INSERT INTO `vehicle_management`.`vehicle_spec` (`back_rims_dimension`, `brand`, `front_rims_dimension`, `fuel_consumption_per100km`, `fuel_type`, `made_in`, `model_code`, `no_of_seat`, `tank_capacity`, `top_speed`, `type`) VALUES ('17 inch', 'Toyota', '16 inch', 11.92, 'Petrol', 'Vietnam', 'Model_88', 6, 60.32, 162.40, 'Sedan');
INSERT INTO `vehicle_management`.`vehicle_spec` (`back_rims_dimension`, `brand`, `front_rims_dimension`, `fuel_consumption_per100km`, `fuel_type`, `made_in`, `model_code`, `no_of_seat`, `tank_capacity`, `top_speed`, `type`) VALUES ('20 inch', 'Toyota', '16 inch', 11.06, 'Petrol', 'Vietnam', 'Model_89', 5, 67.65, 141.95, 'Sedan');
INSERT INTO `vehicle_management`.`vehicle_spec` (`back_rims_dimension`, `brand`, `front_rims_dimension`, `fuel_consumption_per100km`, `fuel_type`, `made_in`, `model_code`, `no_of_seat`, `tank_capacity`, `top_speed`, `type`) VALUES ('16 inch', 'Honda', '20 inch', 10.41, 'Diesel', 'Vietnam', 'Model_90', 6, 46.48, 126.04, 'Sedan');
INSERT INTO `vehicle_management`.`vehicle_spec` (`back_rims_dimension`, `brand`, `front_rims_dimension`, `fuel_consumption_per100km`, `fuel_type`, `made_in`, `model_code`, `no_of_seat`, `tank_capacity`, `top_speed`, `type`) VALUES ('19 inch', 'Honda', '15 inch', 6.04, 'Diesel', 'Vietnam', 'Model_91', 4, 69.21, 162.59, 'SUV');
INSERT INTO `vehicle_management`.`vehicle_spec` (`back_rims_dimension`, `brand`, `front_rims_dimension`, `fuel_consumption_per100km`, `fuel_type`, `made_in`, `model_code`, `no_of_seat`, `tank_capacity`, `top_speed`, `type`) VALUES ('18 inch', 'Chevrolet', '20 inch', 5.41, 'Petrol', 'Vietnam', 'Model_92', 5, 59.19, 130.32, 'Truck');
INSERT INTO `vehicle_management`.`vehicle_spec` (`back_rims_dimension`, `brand`, `front_rims_dimension`, `fuel_consumption_per100km`, `fuel_type`, `made_in`, `model_code`, `no_of_seat`, `tank_capacity`, `top_speed`, `type`) VALUES ('19 inch', 'Nissan', '17 inch', 9.47, 'Petrol', 'Vietnam', 'Model_93', 4, 66.43, 156.35, 'Truck');
INSERT INTO `vehicle_management`.`vehicle_spec` (`back_rims_dimension`, `brand`, `front_rims_dimension`, `fuel_consumption_per100km`, `fuel_type`, `made_in`, `model_code`, `no_of_seat`, `tank_capacity`, `top_speed`, `type`) VALUES ('15 inch', 'Honda', '17 inch', 13.08, 'Petrol', 'Vietnam', 'Model_94', 6, 46.56, 177.65, 'SUV');
INSERT INTO `vehicle_management`.`vehicle_spec` (`back_rims_dimension`, `brand`, `front_rims_dimension`, `fuel_consumption_per100km`, `fuel_type`, `made_in`, `model_code`, `no_of_seat`, `tank_capacity`, `top_speed`, `type`) VALUES ('19 inch', 'Ford', '18 inch', 10.90, 'Electric', 'Vietnam', 'Model_95', 5, 59.85, 139.04, 'Sedan');
INSERT INTO `vehicle_management`.`vehicle_spec` (`back_rims_dimension`, `brand`, `front_rims_dimension`, `fuel_consumption_per100km`, `fuel_type`, `made_in`, `model_code`, `no_of_seat`, `tank_capacity`, `top_speed`, `type`) VALUES ('15 inch', 'Honda', '20 inch', 12.64, 'Electric', 'Vietnam', 'Model_96', 7, 69.67, 138.39, 'Sedan');
INSERT INTO `vehicle_management`.`vehicle_spec` (`back_rims_dimension`, `brand`, `front_rims_dimension`, `fuel_consumption_per100km`, `fuel_type`, `made_in`, `model_code`, `no_of_seat`, `tank_capacity`, `top_speed`, `type`) VALUES ('17 inch', 'Ford', '16 inch', 5.90, 'Electric', 'Vietnam', 'Model_97', 5, 43.53, 179.23, 'Sedan');
INSERT INTO `vehicle_management`.`vehicle_spec` (`back_rims_dimension`, `brand`, `front_rims_dimension`, `fuel_consumption_per100km`, `fuel_type`, `made_in`, `model_code`, `no_of_seat`, `tank_capacity`, `top_speed`, `type`) VALUES ('18 inch', 'Toyota', '18 inch', 11.83, 'Electric', 'Vietnam', 'Model_98', 4, 62.87, 125.96, 'Truck');
INSERT INTO `vehicle_management`.`vehicle_spec` (`back_rims_dimension`, `brand`, `front_rims_dimension`, `fuel_consumption_per100km`, `fuel_type`, `made_in`, `model_code`, `no_of_seat`, `tank_capacity`, `top_speed`, `type`) VALUES ('16 inch', 'Honda', '20 inch', 6.70, 'Electric', 'Vietnam', 'Model_99', 5, 59.37, 154.70, 'Truck');
INSERT INTO `vehicle_management`.`vehicle_usage_info` (`fuel_used`, `plate_number`) VALUES (12.58, '30A-68676');
INSERT INTO `vehicle_management`.`vehicle_usage_info` (`fuel_used`, `plate_number`) VALUES (10.49, '30A-89664');
INSERT INTO `vehicle_management`.`vehicle_usage_info` (`fuel_used`, `plate_number`) VALUES (47.29, '30A-54373');
INSERT INTO `vehicle_management`.`vehicle_usage_info` (`fuel_used`, `plate_number`) VALUES (17.44, '30A-10515');
INSERT INTO `vehicle_management`.`vehicle_usage_info` (`fuel_used`, `plate_number`) VALUES (13.27, '30A-27911');
INSERT INTO `vehicle_management`.`vehicle_usage_info` (`fuel_used`, `plate_number`) VALUES (14.19, '30A-85618');
INSERT INTO `vehicle_management`.`vehicle_usage_info` (`fuel_used`, `plate_number`) VALUES (34.20, '30A-84207');
INSERT INTO `vehicle_management`.`vehicle_usage_info` (`fuel_used`, `plate_number`) VALUES (28.87, '30A-35068');
INSERT INTO `vehicle_management`.`vehicle_usage_info` (`fuel_used`, `plate_number`) VALUES (32.25, '30A-74013');
INSERT INTO `vehicle_management`.`vehicle_usage_info` (`fuel_used`, `plate_number`) VALUES (30.50, '30A-87372');
INSERT INTO `vehicle_management`.`vehicle_usage_info` (`fuel_used`, `plate_number`) VALUES (22.15, '30A-13605');
INSERT INTO `vehicle_management`.`vehicle_usage_info` (`fuel_used`, `plate_number`) VALUES (40.51, '30A-97905');
INSERT INTO `vehicle_management`.`vehicle_usage_info` (`fuel_used`, `plate_number`) VALUES (33.13, '30A-25896');
INSERT INTO `vehicle_management`.`vehicle_usage_info` (`fuel_used`, `plate_number`) VALUES (22.63, '30A-31312');
INSERT INTO `vehicle_management`.`vehicle_usage_info` (`fuel_used`, `plate_number`) VALUES (15.49, '30A-33114');
INSERT INTO `vehicle_management`.`vehicle_usage_info` (`fuel_used`, `plate_number`) VALUES (33.34, '30A-89161');
INSERT INTO `vehicle_management`.`vehicle_usage_info` (`fuel_used`, `plate_number`) VALUES (29.32, '30A-64239');
INSERT INTO `vehicle_management`.`vehicle_usage_info` (`fuel_used`, `plate_number`) VALUES (17.73, '30A-45200');
INSERT INTO `vehicle_management`.`vehicle_usage_info` (`fuel_used`, `plate_number`) VALUES (20.21, '30A-72056');
INSERT INTO `vehicle_management`.`vehicle_usage_info` (`fuel_used`, `plate_number`) VALUES (45.65, '30A-75042');
INSERT INTO `vehicle_management`.`vehicle_usage_info` (`fuel_used`, `plate_number`) VALUES (43.95, '30A-33938');
INSERT INTO `vehicle_management`.`vehicle_usage_info` (`fuel_used`, `plate_number`) VALUES (48.60, '30A-50272');
INSERT INTO `vehicle_management`.`vehicle_usage_info` (`fuel_used`, `plate_number`) VALUES (11.08, '30A-50686');
INSERT INTO `vehicle_management`.`vehicle_usage_info` (`fuel_used`, `plate_number`) VALUES (17.97, '30A-64886');
INSERT INTO `vehicle_management`.`vehicle_usage_info` (`fuel_used`, `plate_number`) VALUES (16.72, '30A-13146');
INSERT INTO `vehicle_management`.`vehicle_usage_info` (`fuel_used`, `plate_number`) VALUES (41.52, '30A-98086');
INSERT INTO `vehicle_management`.`vehicle_usage_info` (`fuel_used`, `plate_number`) VALUES (15.89, '30A-37312');
INSERT INTO `vehicle_management`.`vehicle_usage_info` (`fuel_used`, `plate_number`) VALUES (26.73, '30A-26150');
INSERT INTO `vehicle_management`.`vehicle_usage_info` (`fuel_used`, `plate_number`) VALUES (39.06, '30A-25811');
INSERT INTO `vehicle_management`.`vehicle_usage_info` (`fuel_used`, `plate_number`) VALUES (35.99, '30A-97449');
INSERT INTO `vehicle_management`.`vehicle_usage_info` (`fuel_used`, `plate_number`) VALUES (49.88, '30A-47741');
INSERT INTO `vehicle_management`.`vehicle_usage_info` (`fuel_used`, `plate_number`) VALUES (38.94, '30A-53781');
INSERT INTO `vehicle_management`.`vehicle_usage_info` (`fuel_used`, `plate_number`) VALUES (49.24, '30A-95356');
INSERT INTO `vehicle_management`.`vehicle_usage_info` (`fuel_used`, `plate_number`) VALUES (36.27, '30A-27284');
INSERT INTO `vehicle_management`.`vehicle_usage_info` (`fuel_used`, `plate_number`) VALUES (29.06, '30A-13393');
INSERT INTO `vehicle_management`.`vehicle_usage_info` (`fuel_used`, `plate_number`) VALUES (36.30, '30A-92748');
INSERT INTO `vehicle_management`.`vehicle_usage_info` (`fuel_used`, `plate_number`) VALUES (23.64, '30A-56058');
INSERT INTO `vehicle_management`.`vehicle_usage_info` (`fuel_used`, `plate_number`) VALUES (28.54, '30A-53723');
INSERT INTO `vehicle_management`.`vehicle_usage_info` (`fuel_used`, `plate_number`) VALUES (17.06, '30A-78441');
INSERT INTO `vehicle_management`.`vehicle_usage_info` (`fuel_used`, `plate_number`) VALUES (31.77, '30A-33034');
INSERT INTO `vehicle_management`.`vehicle_usage_info` (`fuel_used`, `plate_number`) VALUES (22.69, '30A-11769');
INSERT INTO `vehicle_management`.`vehicle_usage_info` (`fuel_used`, `plate_number`) VALUES (49.83, '30A-83962');
INSERT INTO `vehicle_management`.`vehicle_usage_info` (`fuel_used`, `plate_number`) VALUES (12.87, '30A-31257');
INSERT INTO `vehicle_management`.`vehicle_usage_info` (`fuel_used`, `plate_number`) VALUES (29.79, '30A-26870');
INSERT INTO `vehicle_management`.`vehicle_usage_info` (`fuel_used`, `plate_number`) VALUES (44.89, '30A-45269');
INSERT INTO `vehicle_management`.`vehicle_usage_info` (`fuel_used`, `plate_number`) VALUES (37.70, '30A-14513');
INSERT INTO `vehicle_management`.`vehicle_usage_info` (`fuel_used`, `plate_number`) VALUES (33.18, '30A-88364');
INSERT INTO `vehicle_management`.`vehicle_usage_info` (`fuel_used`, `plate_number`) VALUES (25.24, '30A-46589');
INSERT INTO `vehicle_management`.`vehicle_usage_info` (`fuel_used`, `plate_number`) VALUES (20.18, '30A-86160');
INSERT INTO `vehicle_management`.`vehicle_usage_info` (`fuel_used`, `plate_number`) VALUES (20.74, '30A-50075');
INSERT INTO `vehicle_management`.`vehicle_usage_info` (`fuel_used`, `plate_number`) VALUES (43.19, '30A-46491');
INSERT INTO `vehicle_management`.`vehicle_usage_info` (`fuel_used`, `plate_number`) VALUES (29.69, '30A-89583');
INSERT INTO `vehicle_management`.`vehicle_usage_info` (`fuel_used`, `plate_number`) VALUES (11.94, '30A-96001');
INSERT INTO `vehicle_management`.`vehicle_usage_info` (`fuel_used`, `plate_number`) VALUES (30.86, '30A-45722');
INSERT INTO `vehicle_management`.`vehicle_usage_info` (`fuel_used`, `plate_number`) VALUES (27.51, '30A-86290');
INSERT INTO `vehicle_management`.`vehicle_usage_info` (`fuel_used`, `plate_number`) VALUES (15.71, '30A-77778');
INSERT INTO `vehicle_management`.`vehicle_usage_info` (`fuel_used`, `plate_number`) VALUES (20.29, '30A-35128');
INSERT INTO `vehicle_management`.`vehicle_usage_info` (`fuel_used`, `plate_number`) VALUES (29.47, '30A-82092');
INSERT INTO `vehicle_management`.`vehicle_usage_info` (`fuel_used`, `plate_number`) VALUES (11.23, '30A-94116');
INSERT INTO `vehicle_management`.`vehicle_usage_info` (`fuel_used`, `plate_number`) VALUES (20.43, '30A-70002');
INSERT INTO `vehicle_management`.`vehicle_usage_info` (`fuel_used`, `plate_number`) VALUES (16.05, '30A-82649');
INSERT INTO `vehicle_management`.`vehicle_usage_info` (`fuel_used`, `plate_number`) VALUES (35.82, '30A-93716');
INSERT INTO `vehicle_management`.`vehicle_usage_info` (`fuel_used`, `plate_number`) VALUES (10.95, '30A-47422');
INSERT INTO `vehicle_management`.`vehicle_usage_info` (`fuel_used`, `plate_number`) VALUES (35.55, '30A-63639');
INSERT INTO `vehicle_management`.`vehicle_usage_info` (`fuel_used`, `plate_number`) VALUES (20.20, '30A-19538');
INSERT INTO `vehicle_management`.`vehicle_usage_info` (`fuel_used`, `plate_number`) VALUES (32.47, '30A-34929');
INSERT INTO `vehicle_management`.`vehicle_usage_info` (`fuel_used`, `plate_number`) VALUES (10.81, '30A-90489');
INSERT INTO `vehicle_management`.`vehicle_usage_info` (`fuel_used`, `plate_number`) VALUES (26.05, '30A-84296');
INSERT INTO `vehicle_management`.`vehicle_usage_info` (`fuel_used`, `plate_number`) VALUES (36.99, '30A-29215');
INSERT INTO `vehicle_management`.`vehicle_usage_info` (`fuel_used`, `plate_number`) VALUES (40.77, '30A-74071');
INSERT INTO `vehicle_management`.`vehicle_usage_info` (`fuel_used`, `plate_number`) VALUES (13.94, '30A-39783');
INSERT INTO `vehicle_management`.`vehicle_usage_info` (`fuel_used`, `plate_number`) VALUES (35.61, '30A-57702');
INSERT INTO `vehicle_management`.`vehicle_usage_info` (`fuel_used`, `plate_number`) VALUES (48.29, '30A-54845');
INSERT INTO `vehicle_management`.`vehicle_usage_info` (`fuel_used`, `plate_number`) VALUES (20.21, '30A-83917');
INSERT INTO `vehicle_management`.`vehicle_usage_info` (`fuel_used`, `plate_number`) VALUES (49.45, '30A-58902');
INSERT INTO `vehicle_management`.`vehicle_usage_info` (`fuel_used`, `plate_number`) VALUES (43.29, '30A-76943');
INSERT INTO `vehicle_management`.`vehicle_usage_info` (`fuel_used`, `plate_number`) VALUES (43.31, '30A-50880');
INSERT INTO `vehicle_management`.`vehicle_usage_info` (`fuel_used`, `plate_number`) VALUES (49.80, '30A-67519');
INSERT INTO `vehicle_management`.`vehicle_usage_info` (`fuel_used`, `plate_number`) VALUES (15.65, '30A-50817');
INSERT INTO `vehicle_management`.`vehicle_usage_info` (`fuel_used`, `plate_number`) VALUES (43.48, '30A-57353');
INSERT INTO `vehicle_management`.`vehicle_usage_info` (`fuel_used`, `plate_number`) VALUES (10.54, '30A-14809');
INSERT INTO `vehicle_management`.`vehicle_usage_info` (`fuel_used`, `plate_number`) VALUES (16.46, '30A-58397');
INSERT INTO `vehicle_management`.`vehicle_usage_info` (`fuel_used`, `plate_number`) VALUES (31.86, '30A-28087');
INSERT INTO `vehicle_management`.`vehicle_usage_info` (`fuel_used`, `plate_number`) VALUES (26.77, '30A-87603');
INSERT INTO `vehicle_management`.`vehicle_usage_info` (`fuel_used`, `plate_number`) VALUES (48.52, '30A-16779');
INSERT INTO `vehicle_management`.`vehicle_usage_info` (`fuel_used`, `plate_number`) VALUES (30.57, '30A-78747');
INSERT INTO `vehicle_management`.`vehicle_usage_info` (`fuel_used`, `plate_number`) VALUES (37.17, '30A-14537');
INSERT INTO `vehicle_management`.`vehicle_usage_info` (`fuel_used`, `plate_number`) VALUES (41.47, '30A-31958');
INSERT INTO `vehicle_management`.`vehicle_usage_info` (`fuel_used`, `plate_number`) VALUES (34.49, '30A-64849');
INSERT INTO `vehicle_management`.`vehicle_usage_info` (`fuel_used`, `plate_number`) VALUES (24.52, '30A-21128');
INSERT INTO `vehicle_management`.`vehicle_usage_info` (`fuel_used`, `plate_number`) VALUES (19.95, '30A-20722');
INSERT INTO `vehicle_management`.`vehicle_usage_info` (`fuel_used`, `plate_number`) VALUES (46.52, '30A-43854');
INSERT INTO `vehicle_management`.`vehicle_usage_info` (`fuel_used`, `plate_number`) VALUES (46.61, '30A-46727');
INSERT INTO `vehicle_management`.`vehicle_usage_info` (`fuel_used`, `plate_number`) VALUES (13.59, '30A-49598');
INSERT INTO `vehicle_management`.`vehicle_usage_info` (`fuel_used`, `plate_number`) VALUES (40.41, '30A-20452');
INSERT INTO `vehicle_management`.`vehicle_usage_info` (`fuel_used`, `plate_number`) VALUES (28.30, '30A-81853');
INSERT INTO `vehicle_management`.`vehicle_usage_info` (`fuel_used`, `plate_number`) VALUES (10.80, '30A-92196');
INSERT INTO `vehicle_management`.`vehicle_usage_info` (`fuel_used`, `plate_number`) VALUES (36.37, '30A-78297');
INSERT INTO `vehicle_management`.`vehicle_usage_info` (`fuel_used`, `plate_number`) VALUES (23.98, '30A-48606');
INSERT INTO `vehicle_management`.`vehicle_usage_info` (`fuel_used`, `plate_number`) VALUES (39.49, '30A-16766');
